IIDm8K2-x-c\tAb Kalu Aayo Re | Bhai Harjinder Singh Ji Srinagar Wale | Punjabi , English Lyrics & Meaning | 4k 60
jpPiuxEx_wg\tAnad Bhaya Vadbhaagi Ho | Harjinder Singh Ji | Punjabi , English Lyrics & Meaning | Gurbani | 4k 60
ePoPMaX6G8s\tSabh Kai Sangi Naahi Door | Bhai Harjinder Singh Ji | Punjabi , English Lyrics & Meaning | 4k 60fps
tnsQbX9npCM\tAakhan Aukha Naanka | Bhai Harjinder Singh Ji | Punjabi , English Lyrics & Meaning | Gurbani | 4k 60
JOlBnew_974\tRam Simar Pachhtahega | Bhai Harjinder Singh Ji | Punjabi , English Lyrics & Meaning | 4k 60 fps
UErbZt0ENPo\tDeen Bisareo Re Diwane | Bhai Harjinder Singh Ji | Punjabi , English Lyrics & Meaning | 4k 60 fps
ahuB3MlolHY\tGun Govind Gahe | Bhai Harjinder Singh Ji Srinagar Wale | Punjabi , English Lyrics & Meaning | 4k 60
QGMR2CDAopI\tKaya Soche Baran Bara | Bhai Harjinder Singh Ji | Punjabi , English Lyrics & Meaning | 4k 60fps
1hjhQbH5FzM\tMere Lalan Ki Sobha | Bhai Harjinder Singh Ji | Punjabi , English Lyrics & Meaning | Gurbani | 4k 60
LQPR8bnmW_E\tAise Gur Ko Bal Bal Jaiye | Bhai Harjinder Singh Ji | Punjabi , English Lyrics & Meaning | 4k 60fps
dkgbjtA2ZNs\tHau Reh Na Saka | Bhai Harjinder Singh Ji | Punjabi , English Lyrics & Meaning | Gurbani | 4k 60fps
EhEtBrNGoLU\tBeh Sakhiya Jas Gawah | Bhai Harjinder Singh Ji | Punjabi , English Lyrics & Meaning | 4k 60fps
4Oh7ajIYVkU\tPrabh Ehai Manorath Mera | Bhai Harjinder Singh Ji | Punjabi , English Lyrics & Meaning | 4k 60fps
BHSZIjn3kfY\tTeri Saran Puran Dayala | Bhai Harjinder Singh Ji | Punjabi , English Lyrics & Meaning | 4k 60fps
su43PzZRqgo\tHoan Vanjha Kurban Sai Apne | Bhai Harjinder Singh Ji | Punjabi , English Lyrics & Meaning | 4k 60
wcMvYDpM0Fk\tAtt Ucha Taka Darbara | Bhai Harjinder Singh Ji Srinagar Wale | Punjabi , English Lyrics & Meaning
USjtOga1Z0g\tWaddi Hu Wadda Apaar Tera Martba | Bhai Harjinder Singh Ji | Punjabi , English Lyrics & Meaning | 4k
4eqrwqwxSxw\tKou Har Samaan Nahi Raja | Bhai Harjinder Singh Ji | Punjabi , English Lyrics & Meaning | Gurbani 4k
y2liCFsH8E4\tKaun Jaane Gun Tere | Bhai Harjinder Singh Ji | Punjabi , English Lyrics & Meaning | Gurbani | 4k 60
NslSdpvMBSM\tWadda Mera Gobind | Bhai Harjinder Singh Ji | Punjabi , English Lyrics & Meaning | Gurbani | 4k
WHSg-q7leMg\tDaya Karo Basoh Mann | Bhai Harjinder Singh Ji | Punjabi , English Lyrics & Meaning | Gurbani | 4k
a8sF9srWHHc\tTu Samrath Wada | Bhai Harjinder Singh Ji | Punjabi , English Lyrics & Meaning | Gurbani | 4k 60fps
GXV2xpSWkjQ\tMu Laalan Seu Preet Bani | Bhai Harjinder Singh Ji | Punjabi , English Lyrics & Meaning | 4k 60fps
jPL7ehrZ2W0\tPrabh Dori Haath Tumare | Bhai Harjinder Singh Ji | Punjabi , English Lyrics & Meaning | 4k 60 fps
5Qhe-HjwPNc\tMadho Hum Aisey Tu Aisa | Bhai Harjinder Singh Ji | Punjabi , English Lyrics & Meaning | 4k 60fps
IXcuCY-Crjo\tKarta Tu Sabhna Ka Soi | Bhai Harjinder Singh Ji | Punjabi , English Lyrics & Meaning | 4k 60fps
zPiaUSdMHUI\tAdes Baba Ades | Bhai Harjinder Singh Ji Srinagar Wale | Punjabi , English Lyrics & Meaning | 4k 60
pQQ4HhlYahE\tDin Bhi Gavo Raini Gavo | Bhai Harjinder Singh Ji | Punjabi , English Lyrics & Meaning | 4k 60 fps
J6Pc_zhpPjI\tRam Ram Bol Ram Ram | Bhai Harjinder Singh Ji | Punjabi , English Lyrics & Meaning | Gurbani | 4k 60
EwYjZFT3l3E\tSant Ka Marag Dharam Ki Pauri | Bhai Harjinder Singh Ji | Punjabi , English Lyrics & Meaning | 4k 60
A7q_jD0WZl0\tWaddi Hoo Wadda Apaar Tera Martaba | Bhai Harjinder Singh Ji | Punjabi , English Lyrics & Meaning 4k
oX9JGaEHRgQ\tAmrit Naam Nidhan Hai | Bhai Harjinder Singh Ji | Punjabi , English Lyrics & Meaning | Gurbani | 4k
g0R66p3uQ-M\tNaam Bina Nahi Jeevia Jaye | Bhai Harjinder Singh Ji | Punjabi , English Lyrics & Meaning | 4k 60fps
3Or_7ENPiok\tTu Thakur Tum Pahey Ardas | Bhai Harjinder Singh Ji | Punjabi , English Lyrics & Meaning | 4k 60fps
fowRa27NmdA\tEh Neech Karam Har Mere | Bhai Harjinder Singh Ji | Punjabi , English Lyrics & Meaning | 4k 60fps
2aQ6ygwHSVM\tGun Gavaan Nit Tere | Bhai Harjinder Singh Ji | Punjabi , English Lyrics & Meaning | Gurbani | 4k 60
zu5stCOmEk8\tMero Sander Kaho Milei Kit Gali | Bhai Harjinder Singh Ji | Punjabi , English Lyrics & Meaning | 4k
jNzHHjaV2tE\tMain Dasiho Maarag Santoh | Bhai Harjinder Singh Ji | Punjabi , English Lyrics & Meaning | 4k 60fps
CpxtwUrShu8\tVarnai Baliharnai Lakh Baria | Bhai Harjinder Singh Ji | Punjabi , English Lyrics & Meaning | 4k 60
zEhIOV8K1Eo\tJo Jan Le Khasam Ka Nao | Bhai Harjinder Singh Ji | Punjabi , English Lyrics & Meaning | 4k 60fps
Im4IxStKBAM\tMaangna Maangan Neeka | Niranjan Singh Ji & Harjinder Singh Ji | Punjabi , English Lyrics & Meaning
WjMP78pxwh4\tSabh Jot Teri Jagjeevna | Bhai Harjinder Singh & Niranjan Singh | Punjabi , English Lyrics & Meaning
lyyitASHHIA\tJia Re Ohla Naam Ka | Bhai Harjinder Singh Ji | Punjabi , English Lyrics & Meaning | Gurbani | 4k 60
2B2eJDs1HGg\tMan Kahan Lubhaiye | Bhai Harjinder Singh Ji | Punjabi , English Lyrics & Meaning | Gurbani | 4k 60
eWc7BCyAuGg\tAath Pehar Salahe | Bhai Harjinder Singh Ji | Punjabi , English Lyrics & Meaning | Gurbani | 4k 60
-nvL_bMf1v4\tMan Mere | Bhai Harjinder Singh Ji Srinagar Wale | Punjabi , English Lyrics & Meaning | 4k 60 fps
TiuOo-QKGpU\tJaagat Jot Japey | Bhai Harjinder Singh Ji | Punjabi , English Lyrics & Meaning | Gurbani | 4k 60fps
3YznTkWgQj0\tWaho Waho Gobind Singh Aape Gur Chela | Bhai Harjinder Singh Ji | Punjabi , English Lyrics & Meaning
Vg1PxgGGdik\tAmrit Bachan Saadh Ki Baani | Bhai Harjinder Singh Ji | Punjabi , English Lyrics & Meaning | 4k 60
tKuyDI9ipRk\tAmrit Baani Har Har Teri | Bhai Harjinder Singh Ji | Punjabi , English Lyrics & Meaning | 4k 60 fps
-dpKpIiS8-M\tTeri Chaal Suhaavi | Bhai Harjinder Singh Ji | Punjabi , English Lyrics & Meaning | Gurbani | 4k 60
znD8do6TDGI\tKoi Jan Har Syon Devei Jor | Bhai Harjinder Singh Ji | Punjabi , English Lyrics & Meaning | 4k 60 fp
LuGhb3GLjXU\tHum Kookar Tere Darbar | Bhai Harjinder Singh Ji | Punjabi , English Lyrics & Meaning | 4k 60 fps
LbxLmmqAxtk\tAchraj Teri Kudrat | Bhai Harjinder Singh Ji | Punjabi , English Lyrics & Meaning | Gurbani | 4k 60
4mzqM8xnT6Q\tBhai Re Is Man Ko Samjhaye | Bhai Harjinder Singh Ji | Punjabi , English Lyrics & Meaning | 4k 60fps
rSRYDxDLNtc\tMati Ko Putra Kaise Nachat Hai | Bhai Harjinder Singh Ji | Punjabi , English Lyrics & Meaning | 4k
pN2S1HUycgs\tMilat Pyareo Pran Nath Kaven Bhagat Te | Bhai Harjinder Singh | Punjabi , English Lyrics & Meaning
13yaQtjmj3w\tEk Hi Ek Anek Hoe Bisthario | Bhai Harjinder Singh Ji | Punjabi , English Lyrics & Meaning | 4k 60fp
i76TegSzOcM\tNagar Jana Meri Jaat | Bhai Harjinder Singh Ji | Punjabi , English Lyrics & Meaning | Gurbani | 4k
DpxSUoGqCRU\tParche Ram Rave Jo Koi | Bhai Harjinder Singh Ji | Punjabi , English Lyrics & Meaning | Gurbani | 4k
hx7Oo2GA3Ec\tTu Kahe Garbe Bawli | Bhai Harjinder Singh Ji | Punjabi , English Lyrics & Meaning | Gurbani | 4k 60
UI_QdXtQnx0\tDaras Tere Ki Pyas | Bhai Harjinder Singh Ji | Punjabi , English Lyrics & Meaning | Gurbani | 4k 60
fu7WgcYxHPk\tDaas Tere Ki Benti | Bhai Harjinder Singh Ji | Punjabi , English Lyrics & Meaning | Gurbani | 4k 60
Ghx8oaTU8YQ\tMatwaro Re Jogiya | Bhai Harjinder Singh Ji | Punjabi , English Lyrics & Meaning | Gurbani | 4k 60fp
riCNUqOcOkg\tRain Giyee Mat Din bhi jaye | Bhai Harjinder Singh Ji  | Punjabi , English Lyrics & Meaning | 4k 60f
Nl3mtPuTUZY\tShyam Sundar Taj Neend Kyon Aayi | Bhai Harjinder Singh Ji  | Punjabi , English Lyrics & Meaning |4k
_UzLduYsk3U\tMahima Sadhu Sang Ki | Bhai Harjinder Singh Ji | Punjabi , English Lyrics & Meaning | Gurbani | 4k
-CVIbmQF6bU\tDitha Sab Sansar Sukh Na Naam Bin | Bhai Harjinder Singh Ji | Punjabi , English Lyrics & Meaning |4k
SrgcVbZ89WQ\tRam Hum Satguru Laley Kandhey | Bhai Harjinder Singh | Punjabi , English Lyrics & Meaning | 4k 60fps
tt7FlXK9Juo\tSun Sun Jeeva Teri Baani | Bhai Harjinder Singh Ji | Punjabi , English Lyrics & Meaning | 4k 60fps
IxnvsPoKx4o\tJeevano Mein Jeevan Paya | Bhai Harjinder Singh Ji | Punjabi , English Lyrics & Meaning | 4k 60fps
9S6GSjM7A0I\tMan Tu Mat Maan Kare | Bhai Harjinder Singh Ji | Punjabi , English Lyrics & Meaning | Gurbani | 4k60
lx4ui_zak00\tMeri Meri Karte Janam Gayo | Bhai Harjinder Singh Ji | Punjabi , English Lyrics & Meaning | 4k 60fps
NxYlFJpA8kw\tDukh Bhanjan Tera Naam Ji | Bhai Harjinder Singh Ji | Punjabi , English Lyrics & Meaning | 4k 60fps
yHTFz8VNsAA\tJeon Jeon Nama | Bhai Harjinder Singh Ji  | Punjabi , English Lyrics & Meaning | Gurbani | 4k 60fps
W63HIxKT_Vo\tTeri Bhagat Na Chhodon | Bhai Harjinder Singh Ji | Punjabi , English Lyrics & Meaning | Gurbani | 4k
D0_ZdSnATHE\tSatgur Ki Sewa | Bhai Hrajinder Singh Ji | Punjabi , English Lyrics & Meaning | Gurbani | 4k 60fps
VW7GRMH4gVU\tAri Bai Gobind Naam Mat Bisre | Bhai Hrajinder Singh Ji | Punjabi , English Lyrics & Meaning | 4k 60
k0aWxqf2uIE\tKal Main Eho Pun Gun Govind Gahe | Bhai Harjinder Singh Ji | Punjabi , English Lyrics & Meaning | 4k
kQyicIiFSpw\tSaadh Ka Nindak Kaise Tarai | Bhai Harjinder Singh Ji | Punjabi , English Lyrics & Meaning | 4k
45J4dQc80Gs\tJagat Jalanda Rakh Lai Apni Kirpa Dhar | Bhai Harjinder Singh | Punjabi , English Lyrics & Meaning
vts4Qnb96Zk\tNaam Nit Nit Ley | Bhai Harjinder Singh Ji | Punjabi , English Lyrics & Meaning | Gurbani | 4k 60fps
Y3ZjKMv-gXY\tMain Prabh Milnei Ka Chau | Bhai Harjinder Singh | Punjabi , English Lyrics & Meaning | 4k (60fps)
mNOJCfa2Hd8\tMan Bairaag Bhaya / Bhai Harjinder Singh Ji / Punjabi , English Lyrics & Meaning / Gurbani / 4k
VCXpDWjVPkY\tMan Bairaag Bhaya / Bhai Harjinder Singh Ji / Punjabi , English Lyrics & Meaning / Gurbani / 4k
w4aIeHhVdtI\tEh Man Sunder Apna / Bhai Harjinder Singh Ji / Punjabi , English Lyrics & Meaning / Gurbani / 4k
bBRVeVwgsDA\tMere Satgura / Bhai Harjinder Singh Ji / Punjabi , English Lyrics & Meaning / Shabad Gurbani / 4k
Hq-qozXGkGk\tMere Ram Rai / Bhai Harjinder Singh Ji / Punjabi , English Lyrics & Meaning / Shabad Gurbani / 4k
E82dvwf3i5k\tHao Reh Na Saka / Bhai Harjinder Singh Ji / Punjabi , English Lyrics & Meaning / Shabad Gurbani / 4k
C9UwId42Gls\tDarshan Pyaas / Bhai Harjinder Singh Ji / Punjabi , English Lyrics & Meaning / Shabad Gurbani / 4k
mmNc7UmCwZI\tHar Bin Reh Na Sakey / Bhai Harjinder Singh Ji / Punjabi , English Lyrics & Meaning / Gurbani / 4k
ogVC6leV34U\tDaras Tere Ki Pyas Mann Laagi / Bhai Harjinder Singh Ji / Punjabi , English Lyrics & Meaning / 4k
EiQ7StYMnbo\tKoi Jan Har Seo Devo Jor / Bhai Harjinder Singh  / Punjabi , English Lyrics & Meaning / Gurbani / 4k
aIy3d9dWqqU\tPuta Mata Ki Asis / Bhai Harjinder Singh / Punjabi , English Lyrics & Meaning / Shabad Gurbani / 4k
yviuFQu8GB4\tNeeche Uch Kare Mera Gobind / Bhai Harjinder Singh / Punjabi , English Lyrics & Meaning / 4k Video
c4tKrF1eRmk\tGobind Milan Ki Eh Teri Bariya / Bhai Harjinder Singh Ji / Punjabi , English Lyrics & Meaning / 4k
iCnHirBZDQE\tDekh Bande Ke Bhag / Bhai Harjinder Singh ji / Punjabi , English Lyrics & Meaning / Gurbani / 4K
hFd4RBZo3tk\tPrabh Ehe Manorath Mera / Bhai Harjinder Singh / Punjabi,English lyrics & Meaning / Gurbani / 4K
rVKoVYkVd9E\tTeri Saran Purn Dayala / Bhai Harjinder Singh / Punjabi , English lyrics & Meaning / 4K Video
jjGvnljcy5Y\tPyare In Bidh Milan Na Jaye / Bhai Harjinder Singh Ji / Punjabi , English lyrics & Meaning / 4K
MMjFfTuQAGo\tBarsei Megh Sakhi / Bhai Harjinder Singh Ji / Punjabi , English lyrics & Meaning / Gurbani / 4K
7s_r5l4XKB8\tBaba Bolte They Kahan Gaye / Bhai Harjinder Singh Ji / Punjabi , English lyrics & Meaning / 4K
1sQXXf4zjqI\tJagat Guru Baba / Bhai Harjinder Singh Ji / Punjabi & English Meaning / Shabad Gurbani / 4K
MnOwHCLQVX0\tKaltaran Guru Nanak Aaya / Bhai Harjinder Singh Ji / Punjabi,English Meaning / Shabad Gurbani / 4K
I4KL43DRzbY\tBhee Ter Keemat Na Pave / Bhai Harjinder Singh Ji / Punjabi,English lyrics & Meaning Gurbani / 4K
tEJEchyb4Nc\tBhee Teri Keemat Na Pave(Sabad Intro) / Bhai Harjinder Singh Ji Srinagar wale / 4k
7S6-OqE_sCk\tKeo Chuto Ka Tarau / Bhai Harjinder Singh Ji / Punjabi,English lyrics & Meaning / Gurbani / 4K Video
kQRvwi5MwwA\tCharan Kamal Tere Dhoye Dhoye Peeva / Bhai Harjinder Singh / Punjabi,English lyrics & Meaning / 4K
BgDKyU28-Xk\tKaljug Babe Tareya / Bhai Harjinder Singh Ji / Punjabi,English Meaning / Shabad Gurbani / 4K
k2PAB35pD-0\tEk Pita Ekas Ke Hum Barak / Bhai Harjinder Singh / Punjabi , English Lyrics & Meaning / Gurbani / 4k
lDF65GJjuXQ\tShabad Jithi Sidh Mandli / Bhai Harjinder Singh Ji / Punjabi,English Meaning / Shabad Gurbani / 4K
LlJHrNIZwoo\tJithe Baba Pair Dhare / Bhai Harjinder Singh Ji/Punjabi,English lyrics& Meaning/Shabad Gurbani/4K
IPKsBddaEpI\tHum Eh Kaaj Jagat Mo Aaye / Bhai Harjinder Singh Ji / Punjabi lyrics & Meaning / Shabad Gurbani / 4K
iwR1SKA6Sw0\tHum Eh Kaaj Jagat Mo Aaye / Bhai Harjinder Singh Ji / English lyrics & Meaning / Shabad Gurbani / 4K
IMzZWpI_Pcg\tMan Gur Mil Kaaj Savaare / Bhai Harjinder Singh / Punjabi , English Lyrics & Meaning / Gurbani / 4k
7kqySTvgw9k\tAe Man Chanchla Chaturaee Kine Na payaa / Bhai Harjinder Singh / Punjabi , English Lyrics & Meaning
SMTwC0qj6mE\tJis Neech Ko Koi Na Jane / Bhai Harjinder Singh / Punjabi , English Lyrics & Meaning / Gurbani / 4k
Sdd5ZKMf4D0\tKab Gal Lawege / Bhai Harjinder Singh Ji / Punjabi , English Lyrics & Meaning / Shabad Gurbani / 4k
4NcnaOqXpUs\tSun Shabad Tumara / Bhai Harjinder Singh / Punjabi , English Lyrics & Meaning / Shabad Gurbani / 4k
mPoqM0fSGAo\tSewak Ki Odak Nibhi Preet/ Bhai Harjinder Singh / Punjabi , English Lyrics & Meaning / Gurbani / 4k
apxzCY_9sX4\tSatgur Kai Bhane Chal / Bhai Harjinder Singh Ji / Punjabi , English Lyrics & Meaning / Gurbani / 4k
j9B_N32W6dY\tAb Kallu Aayo Re/Bhai Harjinder Singh Ji/Punjabi,English lyrics& Meaning/Shabad Gurbani/4K
nv_B1xjT_zQ\tAnand Bhaya Sukh Paaya/Bhai Harjinder Singh Ji/Punjabi,English lyrics& Meaning/Shabad Gurbani/4K
l4wfEzS8460\t9.Waheguru / Bhai Harjinder Singh Ji / Punjabi , English Lyrics & Meaning / Shabad Gurbani / 4k
tmhPkkdxIQM\t8.Anand Sahib / Bhai Harjinder Singh Ji / Punjabi , English Lyrics & Meaning / Shabad Gurbani / 4k
MWqQ7J54Eh0\t7.Lavaan (Anand Kaaraj) / Bhai Harjinder Singh Ji / Punjabi , English Lyrics & Meaning / Gurbani
22CwEagtPD8\tHau Aaya Duron Chal Ke / Bhai Harjinder SinghJi / Punjabi , English Lyrics & Meaning / Gurbani / 4K
CYPTD7XZ-T8\t6.Palle Teinde Laagi / Bhai Harjinder Singh Ji / Punjabi , English Lyrics & Meaning / Gurbani / 4k
4yNB84v-ZTE\t5.Keeta Lorhiye Kam Su / Bhai Harjinder Singh Ji / Punjabi , English Lyrics & Meaning / Gurbani / 4k
fE3YJ8S-6dU\t4.Saajan Aaye Vuthey Ghar Maahi / Bhai Harjinder Singh Ji / Punjabi , English Lyrics & Meaning / 4k
I4--y7JE1RY\t3.Har Prabh Mere Babla / Bhai Harjinder Singh Ji / Punjabi , English Lyrics & Meaning / Gurbani / 4k
TVhMG04ge1Q\t2.Kavan Bani Ri Teri Laali / Bhai Harjinder Singh Ji / Punjabi , English Lyrics & Meaning / 4k Video
LrEMcYTFy4k\t1.Commentry/Bhai Pinderpal Singh Ji (Ludhiane Wale)/Anand Karaj/Shabad Gurbani/4k
LtTZW0kH4lM\tApne Karam Ki Gatt Main Kya Jaanu / Bhai Harjinder Singh / Punjabi , English Lyrics & Meaning / 4k
BLEY-ZLp7mg\tMain Daseho Maarag Santoh / Bhai Harjinder Singh / Punjabi , English Lyrics & Meaning / Gurbani / 4k
RlSMb_6U_yk\tDeho Daras Sukhdateya / Bhai Harjinder Singh Ji / Punjabi , English Lyrics & Meaning / Gurbani / 4K
tWturko7zUo\tMan Pardesi Je Thiye / Bhai Harjinder Singh Ji / Punjabi , English Lyrics & Meaning / Gurbani / 4k
VOAOUSIePjk\tHum Aadmi Haan Ik Dami / Bhai Harjinder Singh Ji / Punjabi , English Lyrics & Meaning / Gurbani / 4k
dohgEGhqhHA\tWaho Waho Gobind Singh/Bhai Harjinder Singh Ji/English Meaning/Shabad Gurbani/4K
3f_1sXaA2dQ\tWaho Waho Gobind Singh/Bhai Harjinder Singh Ji/Punjabi Meaning/Shabad Gurbani/4K
1Uos_PKVeus\tRain Gawayee Soye Ke / Bhai Harjinder Singh Ji / Punjabi , English Lyrics & Meaning / Gurbani / 4k
m9oQ8f0VGIg\tKabeer Tu Tu Karta / Bhai Harjinder Singh Ji / Punjabi , English Lyrics & Meaning / Gurbani / 4k
PLPWslx9OZk\tOoch Apaar Beant Swami / Bhai Harjinder Singh / Punjabi , English Lyrics & Meaning /  Gurbani / 4k
y2GgVh_1Gdc\tAisi Kirpa Mohe Karo / Bhai Harjinder Singh Ji / Punjabi , English Lyrics & Meaning / Gurbani / 4k
kEBzxWp_uR8\tGur Ka Bachan Basai / Bhai Harjinder Singh Ji / Punjabi , English Lyrics & Meaning / Gurbani / 4k
pJU3uzqm4LU\tGallin Jog Na Hoye / Bhai Harjinder Singh Ji / Punjabi , English Lyrics & Meaning / Gurbani / 4k
U_QAX82sZjs\tChal Sakhiye / Bhai Harjinder Singh Ji / Punjabi , English Lyrics & Meaning / Shabad Gurbani / 4k
BerSNNuApV4\tKawal Nain Mathur Bain / Bhai Harjinder Singh Ji / Punjabi , English Lyrics & Meaning / Gurbani / 4k
A58ZMFYMb6c\tBirha / Bhai Harjinder Singh Ji / Punjabi , English Lyrics & Meaning / Shabad Gurbani / 4k Video
wsYhkv96amA\tBande Khoj Dil / Bhai Harjinder Singh Ji / Punjabi , English Lyrics & Meaning / Shabad Gurbani / 4k
dkc-CKdfU3I\tBande Khoj Dil (Shabad Introduction)/Bhai Harjinder Singh Ji/Punjabi Meaning/Shabad Gurbani/4K
Q688fFcq_yY\tRahiyo Sant Hown Toal / Bhai Harjinder Singh Ji / Punjabi , English Lyrics & Meaning / Gurbani / 4k
YJzFODee-K8\tTu Samrath Wadda / Bhai Harjinder Singh / Punjabi , English Lyrics & Meaning / Shabad Gurbani / 4k
2CTiT1wKrvg\tDubidha Door Karho / Bhai Harjinder Singh Ji / Punjabi , English Lyrics & Meaning / Gurbani / 4k
nhJ7EPb_CoQ\tSalok Mahalla Nauvan 9 / Bhai Harjinder Singh Ji / Punjabi , English Lyrics & Meaning / Gurbani / 4k
4zmAYBR0EdY\tkar kirpa vasoh mere Hirday / Harjinder & Niranjan Singh / Punjabi , English Lyrics & Meaning / 4k
M6jqxkx19KE\tSaache Sahiba Kya Naahin Ghar Tere / Bhai Harjinder Singh / Punjabi , English Lyrics & Meaning / 4k
zrIf0fhNnuE\tLakh Khushian Patshahian / Bhai Harjinder Singh Ji / Punjabi , English Lyrics & Meaning / 4K Video
FVQfYfNP-JM\tChoji Mere Govinda / Harjinder & Niranjan Singh Ji / Punjabi , English Lyrics & Meaning / 4k Video
hrBR58HEc0U\tNaavan Challe Teerthi / Bhai Harjinder  Singh Ji / Punjabi , English Lyrics & Meaning / Gurbani / 4k
W1eeXGAKY_c\tKaho Pandit Sucha Kawan / Bhai Harjinder Singh / Punjabi , English Lyrics & Meaning / Gurbani / 4k
5yFPgq1ZUdY\tBaani Guru Guru Hai Baani / Bhai Harjinder Singh Ji / Punjabi , English Lyrics & Meaning / 4k Video
zgIjo0BFhZ8\tGopal Tera Aarta / Bhai Harjinder Singh Ji / Punjabi , English Lyrics & Meaning / Gurbani / 4k Video
jNfQ9rLKBkU\tOhla / Bhai Harjinder Singh Ji / Punjabi , English Lyrics & Meaning / Shabad Gurbani / 4k Video
yaLoA0SrMtM\tOye Saajan Oye Meet Pyare / Bhai Harjinder Singh Ji / Punjabi , English Lyrics & Meaning / 4k
yaLoA0SrMtM\tOye Saajan Oye Meet Pyare / Bhai Harjinder Singh Ji / Punjabi , English Lyrics & Meaning / 4k
i_bUi6EnDnI\tHar Ji Mata Har Ji Pita / Bhai Harjinder Singh / Gurbani /Punjabi , English lyrics & Meaning / 4k
b63cccsZoYM\tKou Har Samaan Nahi Raja / Bhai Harjinder Singh Ji / Punjabi , English Lyrics & Meaning / 4k Video
93wzzRJpwlE\tSatsangat Miley So Tareya / Bhai Harjinder Singh Ji /  Punjabi , English Lyrics & Meaning / HD
I4OBX5lFbhM\tMehma Sadhu Sang Kee/Bhai Harjinder Singh/HD/With English translation And English + Punjabi Meaning
d9aN4kOrvNo\tSukh Na Naam Bin / Bhai Harjinder Singh / Punjabi , English Lyrics & Meaning / Shabad Gurbani / HD
Fg3cgDZkZo8\tJeon Jeon Nama Har Gun / Bhai Harjinder Singh Ji / Punjabi , English Lyrics & Meaning / Gurbani / HD
E7HO8PhHuEg\tTatti Vao Na Lagaee / Bhai Harjinder Singh Ji / Punjabi , English Lyrics & Meaning / Gurbani / HD
