gs-yk31OXTE\tGur Taar Taranhareya | Bhai Inderjit Singh Ji | Punjabi , English Lyrics & Meaning | 4k 60fps
G6LEEFQFDYU\tSun Nah Prabhu Jio | Bhai Mukhtiar Singh Ji (Patiala Wale) | Punjabi , English Lyrics & Meaning | 4k
Jgieuzdlr7I\tTere Bharosey Piyare Main Laad | Bhai Mukhtiar Singh Ji | Punjabi , English Lyrics & Meaning | 4k 60
x_Lnm1tyAB0\tSalok Mahalla 9 | Sri Guru Teg Bahadur Ji | Bir Singh | Punjabi , English Lyrics & Meaning | 4k 60
TbQKuiiyJjQ\tMere Man Naam Nit Nit Leh | Bhai Baldev Singh Ji Wadala | Punjabi , English Lyrics & Meaning | 4k 60
nJrU09IcxvY\tBhaj Mann Mere Eko Naam | Bhai Baldev Singh Ji Wadala | Punjabi , English Lyrics & Meaning | 4k 60
fZs6hxt_vvY\tBhalo Samo Simran Ki Baria | Bhai Mohakam Singh Ji | Punjabi , English Lyrics & Meaning | 4k 60 fps
IIDm8K2-x-c\tAb Kalu Aayo Re | Bhai Harjinder Singh Ji Srinagar Wale | Punjabi , English Lyrics & Meaning | 4k 60
W7HNWqFCZ4I\tJo Jo Tere Bhagat Dukhaye | Bhai Sarabjit Singh Ji | Punjabi , English Lyrics & Meaning | 4k 60fps
6kJAlkBhNmU\tPrabh Keejei Kirpa Nidhaan | Bhai Jagtar Singh Ji | Punjabi , English Lyrics & Meaning | 4k 60fps
MSw2BMb7jBs\tPrabh Mero It Ut Sada Sahai | Bhai Jagtar Singh Ji | Punjabi , English Lyrics & Meaning | 4k 60fps
pQ-0GbUY9HI\tHar Ji Mata Har Ji Pita | Bhai Jagtar Singh Ji | Punjabi , English Lyrics & Meaning | 4k 60fps
raLoElcrrcc\tMera Muj Main Kish Nahi | Bhai Sarabjit Singh Ji | Punjabi , English Lyrics & Meaning | 4k 60fps
EtIeZSKwwPI\tRakha Ek Hamara Swami  Bhai Jasbir Singh Ji Paonta Sahib | Punjabi , English Lyrics & Meaning | 4k
TF8RwlKBZyE\tTumri Kripa Mein Sukh Ghanere | Bhai Jasbir Singh Ji | Punjabi , English Lyrics & Meaning | 4k
D5ZGOQZiAE0\tMul Kharidi Lala Gola | Bhai Jasbir Singh Ji (Paonta Sahib) | Punjabi , English Lyrics & Meaning |4k
tv3cnICCYf0\tJisnu Tu Baksh Leh Mere Pyare | Bhai Jagtar Singh Ji | Punjabi , English Lyrics & Meaning | 4k 60fps
oEWHEnYQ4Hs\tAage Sukh Mere Meeta | Bhai Jagtar Singh Ji | Punjabi , English Lyrics & Meaning | Gurbani |  4k 60
rXCCxv4685s\tMan Beche Satgur Ke Paas | Bhai Kamaljit  Singh Ji | Punjabi , English Lyrics & Meaning | 4k 60fps
a3wzdTWCH5k\tAgam Agochara Tera Ant Na Paya | Bhai Kamaljit  Singh Ji | Punjabi , English Lyrics & Meaning | 4k
lCN0dWjYtIQ\tVin Boleya Sabh Kish Janda | Bhai Inderjit Singh Ji | Punjabi , English Lyrics & Meaning | 4k 60fps
kEz8KafLr9M\tRam Simar Ram Simar | Jagjit Singh | Punjabi , English Lyrics & Meaning | Shabad Gurbani | 4k 60fps
yjk4lYv8A1Y\tKaramheen Dhan Karai Benanti | Bhai Harpreet Singh Ji (AKJ) | Punjabi , English Lyrics & Meaning  4k
ki2wpVFjc7E\tHar Dharo Kirpa | Bhai Dalbir Singh Ji | Punjabi , English Lyrics & Meaning | Gurbani | 4k 60fps
VmWGKVvPx6k\tSuno Binantiyan Swami Mere Ram | Bhai Dalbir Singh Ji | Punjabi , English Lyrics & Meaning | 4k 60
dJJyh8m-PDU\tTera Kiya Meetha Laage | Bhai Dalbir Singh Ji | Punjabi , English Lyrics & Meaning | Gurbani | 4k
gcTpezQ6Uf4\tMera Pyara Pritam | Bhai Davinder Singh Ji Sodhi | Punjabi , English Lyrics & Meaning | Gurbani | 4k
uimfybMNv-8\tJe Gur Jhidke Ta Mitha Lage | Bhai Davinder Singh Ji Sodhi | Punjabi , English Lyrics & Meaning | 4k
G5RQ-PE5eHY\tHum Rulte Phirte | Bhai Davinder Singh Ji Sodhi | Punjabi , English Lyrics & Meaning | 4k
ixGmGVK4jTE\tBhalo Bhalo Re Kirtaniyan | Bhai Davinder Singh Ji Sodhi | Punjabi , English Lyrics & Meaning | 4k
8EXRGN7V-Ak\tGur Pura Mera | Bhai Gagandeep Singh Ji | Punjabi , English Lyrics & Meaning | 4k 60fps
jpPiuxEx_wg\tAnad Bhaya Vadbhaagi Ho | Harjinder Singh Ji | Punjabi , English Lyrics & Meaning | Gurbani | 4k 60
5IvG7U9nVlM\tBighan Na Kou Laagta | Bhai Nirmal Singh Ji Khalsa | Punjabi , English Lyrics & Meaning | 4k 60fps
xvsD-WTNNQM\tBirtha Janam Gawaye | Bhai Nirmal Singh Ji Khalsa | Punjabi , English Lyrics & Meaning | 4k 60fps
cy6K8DkXtf0\tSabhe Ghat Ram Boley | Bhai Nirmal Singh Ji Khalsa | Punjabi , English Lyrics & Meaning | 4k 60fps
-vJaHmL6Mdk\tSarwar Hans Dhurey | Bhai Nirmal Singh Ji Khalsa  | Punjabi , English Lyrics & Meaning | 4k 60fps
YVZzTW9r3nE\tAapni Kheti Rakh Lai | Bhai Nirmal Singh Ji Khalsa | Punjabi , English Lyrics & Meaning | 4k 60fps
mUfUYdTTCdQ\tGur Ka Shabd Rakhvare | Bhai Gagandeep Singh Ji | Punjabi , English Lyrics & Meaning | 4k 60fps
k1UkanHNHBQ\tRangi Le Jihaba Har Ke Naye | Bhai Gagandeep Singh Ji | Punjabi , English Lyrics & Meaning | 4k 60
FinRvTSgPV0\tChinta Chhad Achint Raho | Bhai Jasbir Singh Ji | Punjabi , English Lyrics & Meaning | 4k 60fps
n1nHcv_9Uno\tMan Mahi Man Mahi Mere Govinda | Bhai Satvinder & Harvinder Singh Ji | Punjabi , English Meaning
j_GRe_1u18g\tVas Mere Pyariya | Bhai Satvinder Singh Ji & Harvinder Singh Ji | Punjabi , English Lyrics & Meaning
gUWkf9AmQxE\tVaho Vaho Karteya Mann Nirmal Hove | Bhai Nirmal Singh Ji | Punjabi , English Lyrics & Meaning | 4k
ePoPMaX6G8s\tSabh Kai Sangi Naahi Door | Bhai Harjinder Singh Ji | Punjabi , English Lyrics & Meaning | 4k 60fps
ZT-Hsb2ZS94\tThapeya Na Jaye | Bhai Nirmal Singh Ji Khalsa | Punjabi , English Lyrics & Meaning | Gurbani | 4k 60
8PyO4xcBFKc\tTis Kadey Na Aave Tott | Bhai Kamaljit Singh Ji | Punjabi , English Lyrics & Meaning | Gurbani | 4k
DPqtItS2YEM\tNedhe Nedhe Sabh Ko Kahe | Bhai Davinder Singh Ji Sodhi | Punjabi , English Lyrics & Meaning | 4k 60
CRmQb8YeUm0\tJat Kat Pekhaun Ekey Ohi | Bhai Gurdev Singh Ji | Punjabi , English Lyrics & Meaning | 4k 60fps
OBNwiXK0FC4\tAiko Har Raveya | Bhai Nirmal Singh Ji Khalsa | Punjabi , English Lyrics & Meaning | Gurbani | 4k 60
NSxclteJ4ys\tTujh Bin Kavan Rijhave | Bhai Nirmal Singh Ji Nagpuri | Punjabi , English Lyrics & Meaning | 4k 60fp
_j2x2jnhIpk\tBeanta Beant Gun Tere | Bhai Onkar Singh Ji Una Sahib Wale | Punjabi , English Lyrics & Meaning | 4k
vSWEbpN84iU\tMahima Na Jaaney Bed | Bhai Hari Singh Ji | Punjabi , English Lyrics & Meaning | Gurbani | 4k 60fps
rbrf7Fk2R7o\tTere Bankey Loean | Bhai Niranjan Singh Ji | Punjabi , English Lyrics & Meaning | Gurbani | 4k 60fps
tZMvOaWb_Es\tJaani Na Jaayi Taa Ki Gaat | Bhai Inderjit Singh Ji | Punjabi , English Lyrics & Meaning | 4k 60fps
CiQ47lxomhI\tHar Aape Ghat Ghat Vartada | Bhai Sarabjit  Singh Ji | Punjabi , English Lyrics & Meaning | 4k 60fps
QyxDWalFwRA\tSagal Jee Sarnagatee | Bhai Gagandeep Singh Ji | Punjabi , English Lyrics & Meaning | Gurbani | 4k
crIA8xAcJ_k\tJo Sarnee Aaveh Sarab Sukh Paveh | Bhai Ravinder Singh Ji | Punjabi , English Lyrics & Meaning | 4k
PY4ZRP4JKrs\tJini Mainda Laal Rijhaya | Bhai Niranjan Singh Ji | Punjabi , English Lyrics & Meaning | 4k 60fps
fq9uVRio53s\tDeho Sandesro | Bhai Lakhwinder Singh Ji | Punjabi , English Lyrics & Meaning | Gurbani | 4k 60fps
hWuRM_wFKbE\tPuchho Sant Mero Thakur Kaisa | Bhai Sarabjit Singh Ji | Punjabi , English Lyrics & Meaning | 4k 60
Z2JQw275dWk\tMil Sakhiyan Puchhe | Bhai Sarabjit Singh Ji | Punjabi , English Lyrics & Meaning | Gurbani | 4k 60
tnsQbX9npCM\tAakhan Aukha Naanka | Bhai Harjinder Singh Ji | Punjabi , English Lyrics & Meaning | Gurbani | 4k 60
6sgZdDmmmV0\tGanga Ki Lehar | Bhai Balwinder Singh Ji (NKJ) | Punjabi , English Lyrics & Meaning | Gurbani | 4k
obIzApRCiKE\tPhir Vichhoda Kade Na Hoye | Bhai Onkar Singh Ji | Punjabi , English Lyrics & Meaning | 4k 60fps
dGoP6VAwbuA\tSatgur Daya Kare | Bhai Onkar Singh Ji (Una Sahib Wale) | Punjabi , English Lyrics & Meaning | 4k 60
yTZ7S3l19PI\tMera Mann Laga Tohe | Bhai Jasbir Singh Ji | Punjabi , English Lyrics & Meaning | Gurbani | 4k 60
LsgUCRtyuC8\tBaba Maya Sath Na Hoye | Bhai Jasbir Singh Ji | Punjabi , English Lyrics & Meaning | Gurbani | 4k 60
r-bAvpz9UcA\tTere Bharose Pyare | Bhai Jagtar Singh Ji | Punjabi , English Lyrics & Meaning | 4k 60fps
2EEJ2wGAV_0\tKirtan Hoa Rain Sabaayi | Bhai Jagtar Singh Ji | Punjabi Lyrics & Punjabi , English Meaning | 4k 60
3NJ4PrFyoI8\tBolo Sach Naam Kartar | Bhai Niranjan Singh Ji | Punjabi , English Lyrics & Meaning | 4k 60fps
DVkTc59EWpQ\tAri Bai Gobind Naam Mat Bisre | Bhai Niranjan Singh Ji | Punjabi , English Lyrics & Meaning | 4k 60
Th0usi7guOs\tSaache Sahiba Kiya Naahee Ghar Tere | Bhai Gurkirat Singh Ji | Punjabi , English Lyrics & Meaning 4k
Pm_nJZfnUuo\tSabhe Icha Purian | Bhai Gurkirat Singh Ji | Punjabi , English Lyrics & Meaning | 4k 60fps
JOlBnew_974\tRam Simar Pachhtahega | Bhai Harjinder Singh Ji | Punjabi , English Lyrics & Meaning | 4k 60 fps
UErbZt0ENPo\tDeen Bisareo Re Diwane | Bhai Harjinder Singh Ji | Punjabi , English Lyrics & Meaning | 4k 60 fps
pHnhIxgeKSM\tBhagtan Ki Tek Tun | Bhai Satvinder Singh & Harvinder Singh Ji | Punjabi , English Lyrics & Meaning
ahuB3MlolHY\tGun Govind Gahe | Bhai Harjinder Singh Ji Srinagar Wale | Punjabi , English Lyrics & Meaning | 4k 60
V1h4wnF4Hcg\tChal Darhaar Divaan Bulaya | Bhai Sarabjit Singh Ji | Punjabi , English Lyrics & Meaning | 4k 60fps
QGMR2CDAopI\tKaya Soche Baran Bara | Bhai Harjinder Singh Ji | Punjabi , English Lyrics & Meaning | 4k 60fps
1hjhQbH5FzM\tMere Lalan Ki Sobha | Bhai Harjinder Singh Ji | Punjabi , English Lyrics & Meaning | Gurbani | 4k 60
LQPR8bnmW_E\tAise Gur Ko Bal Bal Jaiye | Bhai Harjinder Singh Ji | Punjabi , English Lyrics & Meaning | 4k 60fps
dkgbjtA2ZNs\tHau Reh Na Saka | Bhai Harjinder Singh Ji | Punjabi , English Lyrics & Meaning | Gurbani | 4k 60fps
xQvWcXFPxYo\tGurmat Riday Garibi Aavey | Bhai Harnam Singh Ji | Punjabi Lyrics & Punjabi , English Meaning | 4k
XPPkwReK674\tGur Sant Jano Pyara Main Milya | Bhai Gurcharan Singh Ji | Punjabi , English Lyrics & Meaning | 4k
RhwYDvPUZt8\tJa Ke Hirde Vaseya Tu Karte | Bhai Kamaljit Singh Ji | Punjabi , English Lyrics & Meaning | 4k 60fps
rHFxp_3IHKI\tAisi Preet Karho Man Mere |  Bhai Sarabjit Singh Ji | Punjabi , English Lyrics & Meaning | 4k 60fps
mjYpuZj3o6Q\tNaam Mile Taan Jeevan | Bhai Ravinder Singh Ji | Punjabi , English Lyrics & Meaning | 4k 60fps
JfAZbPIom9k\tTum Daate Thakur Pratipalak | Bhai Tarbalbir Singh Ji | Punjabi , English Lyrics & Meaning | 4k 60
GlBvFEsBU-o\tKaho Nanak Hum Loon Harami | Bhai Baldev Singh Ji Wadala | Punjabi , English Lyrics & Meaning | 4k
VtQ4nCGOHOE\tAb Main Koun Upaao Karo | Bhai Baldev Singh Ji Wadala | Punjabi , English Lyrics & Meaning | 4k 60
rgj7VHyetNs\tHum Nirgun Tu Data | Bhai Baldev Singh Ji Wadala | Punjabi , English Lyrics & Meaning | 4k 60fps
kYHziCwqtzs\tRangan Rango Seevan Seevoh | Sant Anoop Singh Ji | Punjabi , English Lyrics & Meaning | 4k 60fps
7bc93BDoQrM\tBaksh Avgan Sab Mere | Sant Anoop Singh Ji (Una Sahib Wale) | Punjabi , English Lyrics & Meaning |4k
JUmv8vHsDQE\tPrabh Ji Ko Naam Japat Man Chain | Bhai Kamaljit Singh Ji | Punjabi , English Lyrics & Meaning | 4k
_N86IyTPcvo\tMeharvaan Sahib Meharvaan | Bhai Ravinder Singh Ji | Punjabi , English Lyrics & Meaning | 4k 60fps
_zX3OlPtNGY\tMera Baid Guru Govinda | Bhai Ravinder Singh Ji | Punjabi , English Lyrics & Meaning | 4k 60fps
EhEtBrNGoLU\tBeh Sakhiya Jas Gawah | Bhai Harjinder Singh Ji | Punjabi , English Lyrics & Meaning | 4k 60fps
BalL36e9-6s\tEkai Ekai Ek Tuhi | Bhai Kamaljit Singh Ji | Punjabi , English Lyrics & Meaning | Gurbani | 4k 60fps
4Oh7ajIYVkU\tPrabh Ehai Manorath Mera | Bhai Harjinder Singh Ji | Punjabi , English Lyrics & Meaning | 4k 60fps
BHSZIjn3kfY\tTeri Saran Puran Dayala | Bhai Harjinder Singh Ji | Punjabi , English Lyrics & Meaning | 4k 60fps
su43PzZRqgo\tHoan Vanjha Kurban Sai Apne | Bhai Harjinder Singh Ji | Punjabi , English Lyrics & Meaning | 4k 60
wcMvYDpM0Fk\tAtt Ucha Taka Darbara | Bhai Harjinder Singh Ji Srinagar Wale | Punjabi , English Lyrics & Meaning
USjtOga1Z0g\tWaddi Hu Wadda Apaar Tera Martba | Bhai Harjinder Singh Ji | Punjabi , English Lyrics & Meaning | 4k
ixkJNBMjgKo\tAavho Meet Peyare Mangal Gavoh Nare  Bhai Kamaljit Singh Ji | Punjabi , English Lyrics & Meaning 4k
P0exT2faENE\tBachan Guru Jo Pure Kaheo | Bhai Inderjit Singh Ji | Punjabi , English Lyrics & Meaning | Gurbani 4k
4eqrwqwxSxw\tKou Har Samaan Nahi Raja | Bhai Harjinder Singh Ji | Punjabi , English Lyrics & Meaning | Gurbani 4k
y2liCFsH8E4\tKaun Jaane Gun Tere | Bhai Harjinder Singh Ji | Punjabi , English Lyrics & Meaning | Gurbani | 4k 60
NslSdpvMBSM\tWadda Mera Gobind | Bhai Harjinder Singh Ji | Punjabi , English Lyrics & Meaning | Gurbani | 4k
GVfX7GH9tIE\tMahima Kahi Na Jae | Bhai Inderjit Singh Ji | Punjabi , English Lyrics & Meaning | Gurbani | 4k 60
WHSg-q7leMg\tDaya Karo Basoh Mann | Bhai Harjinder Singh Ji | Punjabi , English Lyrics & Meaning | Gurbani | 4k
_Fqz_fQGDvM\tGun Gawa Din Raat | Sant Anup Singh Ji (Una Sahib Wale) | Punjabi , English Lyrics & Meaning | 4k 60
CYnq6burHVs\tKaise Baatan Se Jaaiye | Bhai Inderjit Singh Ji  | Punjabi , English Lyrics & Meaning | 4k 60fps
-IBoKeFB5xk\tRaam Naam Kahey Na Darraiya | Bhai Jagtar Singh Ji | Punjabi , English Lyrics & Meaning | 4k 60fps
lfI9X3k2tHk\tMeri Mat Bauri | Bhai Jagtar Singh Ji | Punjabi , English Lyrics & Meaning | 4k 60fps
Ghny8tpsHAU\tDarshan Mangu Deh Pyare | Bhai Sarabjit Singh Ji | Punjabi , English Lyrics & Meaning | 4k 60fps
ltSXNRiYW9U\tSukh Tera Dita Lahiye | Bhai Sarabjit Singh Ji Patna Sahib Wale | Punjabi , English Lyrics & Meaning
Vzo12-5pCbY\tAb Hum Chali Thakur Peh Haar | Bhai Inderjit Singh Ji | Punjabi , English Lyrics & Meaning | 4k 60fp
pfytkuSCxq8\tAap Gawaye Seva Karey | Bhai Baldev Singh Ji Wadala | Punjabi , English Lyrics & Meaning | 4k 60fps
a8sF9srWHHc\tTu Samrath Wada | Bhai Harjinder Singh Ji | Punjabi , English Lyrics & Meaning | Gurbani | 4k 60fps
GXV2xpSWkjQ\tMu Laalan Seu Preet Bani | Bhai Harjinder Singh Ji | Punjabi , English Lyrics & Meaning | 4k 60fps
NWor6HrySrg\tSatgur Mera Mar Jivalai | Bhai Inderjit Singh Ji | Punjabi , English Lyrics & Meaning | 4k 60fps
jPL7ehrZ2W0\tPrabh Dori Haath Tumare | Bhai Harjinder Singh Ji | Punjabi , English Lyrics & Meaning | 4k 60 fps
5Qhe-HjwPNc\tMadho Hum Aisey Tu Aisa | Bhai Harjinder Singh Ji | Punjabi , English Lyrics & Meaning | 4k 60fps
rUUhuxxNEOk\tSun Wadbhagiya Har Amrit Baani Ram | Bhai Rai Singh Ji | Punjabi , English Lyrics & Meaning | 4k 60
EK0kio-ZFQw\tPritam Ke Des Kaise Baatan Se Jaaiye | Bhai Rai Singh Ji | Punjabi , English Lyrics & Meaning | 4k
LvcThEtI528\tDhann Dhann O Ram Ben Bajai | Bhai Satvinder & Harvinder Singh Ji |  Punjabi , English Meaning | 4k
IXcuCY-Crjo\tKarta Tu Sabhna Ka Soi | Bhai Harjinder Singh Ji | Punjabi , English Lyrics & Meaning | 4k 60fps
zPiaUSdMHUI\tAdes Baba Ades | Bhai Harjinder Singh Ji Srinagar Wale | Punjabi , English Lyrics & Meaning | 4k 60
Uy2AlGs58OE\tDeho Darash Prabh Mere | Bhai Satvinder & Harvinder Singh Ji |  Punjabi , English Meaning | 4k 60fps
pQQ4HhlYahE\tDin Bhi Gavo Raini Gavo | Bhai Harjinder Singh Ji | Punjabi , English Lyrics & Meaning | 4k 60 fps
J6Pc_zhpPjI\tRam Ram Bol Ram Ram | Bhai Harjinder Singh Ji | Punjabi , English Lyrics & Meaning | Gurbani | 4k 60
LAeJLsWzXvw\tJaag Re Mann Jaganhare | Bhai Niranjan Singh Ji | Punjabi , English Lyrics & Meaning | Gurbani | 4k
53C4sE_Cpi0\tTumri Kirpa Te | Bhai Niranjan Singh Ji | Punjabi , English Lyrics & Meaning | Gurbani | 4k 60fps
BdF0vhWmxx8\tPriyo Priyo Karti Sabh Jag Phiri | Bhai Surinder Singh Ji | Punjabi , English Lyrics & Meaning | 4k
zKwRpeLQPBE\tPritam Ke Des Kaise Baatan Se Jaaiye | Bhai Surinder Singh Ji | Punjabi , English Lyrics & Meaning
EwYjZFT3l3E\tSant Ka Marag Dharam Ki Pauri | Bhai Harjinder Singh Ji | Punjabi , English Lyrics & Meaning | 4k 60
d6s2MgXxxO4\tAisi Laal Tujh Bin Kaun Kare | Bhai Nirmal Singh Ji | Punjabi , English Lyrics & Meaning | 4k 60fps
4gxrE30nPQA\tMeri Preet Gobind Siyon Jin Ghate | Bhai Nirmal Singh Ji | Punjabi , English Lyrics & Meaning | 4k
JjYiEqcx7sg\tAb Hum Chali Thakur Peh Haar | Bhai Satvinder & Harvinder Singh Ji |  Punjabi , English Meaning | 4k
q56m-HyZ1Uo\tGun Gaanvan Din Raat | Bhai Satvinder Singh Ji & Bhai Harvinder Singh Ji | Punjabi , English Meaning
5E3PHIWd4Hg\tJo Charan Guru Chit Lavat Hai | Bhai Sarabjit Singh Ji | Punjabi , English Lyrics & Meaning | 4k 60
wov6wi776QM\tKaaraj Satgur Aap Sawareya | Bhai Gurdev Singh Ji | Punjabi , English Lyrics & Meaning | Gurbani |4k
kWg5aTQwzj8\tHam Sukh Paiaa | Bhai Sarabjit Singh Ji | Punjabi , English Lyrics & Meaning | Gurbani | 4k 60fps
cvDiTmQexn4\tDhan Dhan Ramdas Gur | Bhai Gurdev Singh Ji | Punjabi , English Lyrics & Meaning | Gurbani | 4k 60
4E611Jjhb6o\tHum Tin Ke Charan | Bhai Sarabjit Singh Ji | Punjabi , English Lyrics & Meaning | Gurbani | 4k 60fps
v6DR41aNG_k\tKanchan Sio Paiye Nahi Tol | Bhai Gurkirat Singh Ji | Punjabi , English Lyrics & Meaning | 4k 60fps
A7q_jD0WZl0\tWaddi Hoo Wadda Apaar Tera Martaba | Bhai Harjinder Singh Ji | Punjabi , English Lyrics & Meaning 4k
MyTlYlLUBo4\tBahut Janam Bichde The | Bhai Gurkirat Singh Ji | Punjabi , English Lyrics & Meaning | Gurbani | 4k
oX9JGaEHRgQ\tAmrit Naam Nidhan Hai | Bhai Harjinder Singh Ji | Punjabi , English Lyrics & Meaning | Gurbani | 4k
8X1KpGJziOk\tKirpa Karho Deen Ke Daate | Bhai Onkar Singh Ji | Punjabi , English Lyrics & Meaning | Gurbani | 4k
9ZV-HxnY6d4\tDhan So Vela Jit Darshan Karna | Bhai Dalbir Singh Ji | Punjabi , English Lyrics & Meaning | 4k 60
g0R66p3uQ-M\tNaam Bina Nahi Jeevia Jaye | Bhai Harjinder Singh Ji | Punjabi , English Lyrics & Meaning | 4k 60fps
kjGyP8pJ2wA\tAmrit Sar Satguru Satwadi | Bhai Dalbir Singh Ji | Punjabi , English Lyrics & Meaning | Gurbani | 4k
3Or_7ENPiok\tTu Thakur Tum Pahey Ardas | Bhai Harjinder Singh Ji | Punjabi , English Lyrics & Meaning | 4k 60fps
Wc9sVm1-shE\tMera Baid Guru Govinda | Bhai Dalbir Singh Ji | Punjabi , English Lyrics & Meaning | Gurbani | 4k 60
fowRa27NmdA\tEh Neech Karam Har Mere | Bhai Harjinder Singh Ji | Punjabi , English Lyrics & Meaning | 4k 60fps
ZZnWr0aof1I\tRe Nar Ehe Sachi Ji dhar | Bhai Dalbir Singh Ji | Punjabi , English Lyrics & Meaning | Gurbani | 4k
VLHlq62w6oI\tFarida Galiye Chikarh Door Ghar | Bhai Kamaljeet  Singh Ji | Punjabi , English Lyrics & Meaning | 4k
CXSVc-21JeI\tGur Ka Darshan Dekh Dekh Jivaa | Bhai Gagandeep Singh Ji | Punjabi , English Lyrics & Meaning | 4k
CMz9afjPISw\tSant Jana Peh Karo Benati | Bhai Kamaljeet  Singh Ji | Punjabi , English Lyrics & Meaning | 4k 60fps
1nOEsfdQ1Yo\tDukh Sukh Pyare Tudh Dheyayi | Bhai Gagandeep Singh Ji | Punjabi , English Lyrics & Meaning | 4k 60
ZD8dkHv7oM8\tAe Mann Chanchala | Bhai Kamaljeet  Singh Ji | Punjabi , English Lyrics & Meaning | Gurbani | 4k 60
7XFdyfsulms\tSanta Naal Vair Kamavde | Bhai Lakhwinder Singh Ji | Punjabi , English Lyrics & Meaning | Gurbani
Z-jSBqFwnGo\tSagal Bhawan Ke Naika | Bhai Rai Singh Ji | Punjabi , English Lyrics & Meaning | Gurbani | 4k 60fps
CylzYniF8Z4\tGagan Damama Bajeyo | Bhai Rai Singh Ji | Punjabi , English Lyrics & Meaning | Gurbani | 4k 60fps
vnajSo4khKQ\tJab Haath Sadora Leen | Bhai Rai Singh Ji | Punjabi , English Lyrics & Meaning | Gurbani | 4k 60fps
2aQ6ygwHSVM\tGun Gavaan Nit Tere | Bhai Harjinder Singh Ji | Punjabi , English Lyrics & Meaning | Gurbani | 4k 60
zu5stCOmEk8\tMero Sander Kaho Milei Kit Gali | Bhai Harjinder Singh Ji | Punjabi , English Lyrics & Meaning | 4k
jNzHHjaV2tE\tMain Dasiho Maarag Santoh | Bhai Harjinder Singh Ji | Punjabi , English Lyrics & Meaning | 4k 60fps
IROVeWXdd_8\tSanto Ramdas Sarovar | Bhai Inderjit Singh Ji | Punjabi , English Lyrics & Meaning | Gurbani | 4k 60
8jPfV43JB6o\tHar Milne Nu Man Lochda | Bhai Shokeen Singh Ji | Punjabi , English Lyrics & Meaning | Gurbani | 4k
CIx6l6QaPyg\tDhan Dhan Pita | Bhai Inderjit Singh Ji | Punjabi , English Lyrics & Meaning | Gurbani | 4k 60fps
g_FxsKRlofo\tNarayan Nindas Kaae Bhooli Gavari | Bhai Sarabjit Singh Ji | Punjabi , English Lyrics & Meaning | 4k
sRMno7zMzQk\tMere Har Jiyo Sabh Ko Tere Vas | Bhai Inderjit Singh Ji | Punjabi , English Lyrics & Meaning | 4k
NSsrGQuTc20\tSri Ram Naama Uchar Manaa | Bhai Dalbir Singh Ji | Punjabi , English Lyrics & Meaning | Gurbani | 4k
kRM4oxiymVc\tUdho Naa Kaagaa Kaare | Bhai Dalbir Singh Ji | Punjabi , English Lyrics & Meaning | Gurbani | 4k 60
IhlioPFkcPo\tDhan Guru Pyare | Bhai Dalbir Singh Ji | Punjabi , English Lyrics & Meaning | Gurbani | 4k 60fps
kkwMP_6SHYM\tSantho Raam Naam Nistariye | Bhai Sarabjit Singh Ji | Punjabi , English Lyrics & Meaning | 4k 60fps
3D5ZTe3ekC4\tSimar Mureeda Dhaadia | Bhai Sarabjit Singh Ji | Punjabi , English Lyrics & Meaning | Gurbani | 4k
KxAvqGlyvSI\tNit Uth Gavho Prabh Ki Bani | Bhai Sarabjit Singh Ji | Punjabi , English Lyrics & Meaning | 4k 60fps
to-9Ehm7GSk\tGobind Naam Samale | Bhai Sarabjit Singh Ji | Punjabi , English Lyrics & Meaning | Gurbani | 4k 60
wR0V1mNgwsM\tJaag Salonariye Bole Gurbani Ram | Bhai Nirmal Singh Ji | Punjabi , English Lyrics & Meaning | 4k 60
r-G16_47q3g\tMohe Laagti Taalabeli | Bhai Nirmal Singh Ji Khalsa | Punjabi , English Lyrics & Meaning | 4k 60fps
OrMtfkUzMHs\tHar Ke Naam Bina Dukh Paave | Bhai Nirmal Singh Ji Khalsa | Punjabi , English Lyrics & Meaning | 4k
QFE0Yd5gWms\tNanak Chinta Mat Karho | Bhai Dalbir Singh Ji | Punjabi , English Lyrics & Meaning | Gurbani | 4k 60
rQ_-9KTn9UI\tAb Mohey Jeevan Padvi Payi | Bhai Dalbir Singh Ji | Punjabi , English Lyrics & Meaning | 4k 60fps
f4yhOTJumwM\tKya Tain Khatteya Kahan Gavaeya | Bhai Harbans Singh Ji | Punjabi , English Lyrics & Meaning | 4k 60
CpxtwUrShu8\tVarnai Baliharnai Lakh Baria | Bhai Harjinder Singh Ji | Punjabi , English Lyrics & Meaning | 4k 60
zEhIOV8K1Eo\tJo Jan Le Khasam Ka Nao | Bhai Harjinder Singh Ji | Punjabi , English Lyrics & Meaning | 4k 60fps
BVzyhPJzslc\tBahut Janam Bichhare The Madho | Bhai Nirmal Singh Ji | Punjabi , English lyrics & Meaning | 4k 60
OxpSA5MKiHk\tEthe Othe Rakhwala  Bhai Ravinder Singh Ji | Punjabi , English Lyrics & Meaning | Gurbani | 4k 60fps
vTpvb61SXnM\tSunn Mann Mittar Pyareya | Bhai Niranjan Singh Ji | Punjabi , English Lyrics & Meaning | 4k 60fps
mhQR0bdm0Bo\tTere Bachan Anoop Apaar | Bhai Sarabjit Singh Ji | Punjabi , English Lyrics & Meaning | 4k 60fps
wrA9_JaJuUE\tMadho Sat Sangat Sharan Tumhari | Bhai Nirmal Singh Ji | Punjabi , English Lyrics & Meaning | 4k 60
fvEe4YeWjT0\tSanta Ke Kaaraj Aap Khaloya | Bhai Ravinder Singh Ji | Punjabi , English Lyrics & Meaning | 4k 60fps
Im4IxStKBAM\tMaangna Maangan Neeka | Niranjan Singh Ji & Harjinder Singh Ji | Punjabi , English Lyrics & Meaning
WjMP78pxwh4\tSabh Jot Teri Jagjeevna | Bhai Harjinder Singh & Niranjan Singh | Punjabi , English Lyrics & Meaning
TX_aK1JQhqQ\tAayo Sunan Padhan Ko Baani | Bhai Tarbalbir Singh Ji | Punjabi , English Lyrics & Meaning | 4k 60fps
O5zEeV-gU1U\tAvho Sajna Haun Dekhan Darshan Tera | Bhai Tarbalbir Singh Ji | Punjabi , English Lyrics & Meaning
lv0g3gC9pqM\tKoi Bole Ram Ram | Bhai Tarbalbir Singh Ji | Punjabi , English Lyrics & Meaning | Gurbani | 4k 60 fp
JPDlM6cDW3A\tHaq Paraya Nanaka | Bhai Santokh Singh Ji Komal | Punjabi , English Lyrics & Meaning | 4k 60fps
eB-1_kqPM1A\tHau Kurbaney | Bhai Tarbalbir Singh Ji | Punjabi , English Lyrics & Meaning | Gurbani | 4k 60 fps
IceVNtSoIZ0\tAavan Jaan Ek Khel Banaya | Bhai Sandeep Singh Ji | Punjabi , English Lyrics & Meaning | 4k 60fps
5oRDUdwebmo\tRamdas Sarover Nahte | Bhai Tarbalbir Singh Ji | Punjabi , English Lyrics & Meaning | 4k 60 fps
IQufy8viXF8\tMera Mujh Mein Kichh Nahi | Bhai Tarbalbir Singh Ji | Punjabi , English Lyrics & Meaning | 4k 60 fps
YXb4Wvi7K4A\tHoye Sahaye Aap | Bhai Tarbalbir Singh Ji | Punjabi , English Lyrics & Meaning | Gurbani | 4k 60 fps
4L7yqVacsK4\tJagat Jalanda Rakh Lei | Bhai Inderjit Singh Ji | Punjabi , English Lyrics & Meaning | 4k 60 fps
nFaougWgH-I\tSabh Ko Aase Teri Baitha | Bhai Inderjit Singh Ji | Punjabi , English Lyrics & Meaning | 4k 60 fps
9lFCM5re68o\tKou Har Samaan Nahi Raja | Bhai Inderjit Singh Ji | Punjabi , English Lyrics & Meaning | 4k 60fps
lyyitASHHIA\tJia Re Ohla Naam Ka | Bhai Harjinder Singh Ji | Punjabi , English Lyrics & Meaning | Gurbani | 4k 60
2B2eJDs1HGg\tMan Kahan Lubhaiye | Bhai Harjinder Singh Ji | Punjabi , English Lyrics & Meaning | Gurbani | 4k 60
eWc7BCyAuGg\tAath Pehar Salahe | Bhai Harjinder Singh Ji | Punjabi , English Lyrics & Meaning | Gurbani | 4k 60
-nvL_bMf1v4\tMan Mere | Bhai Harjinder Singh Ji Srinagar Wale | Punjabi , English Lyrics & Meaning | 4k 60 fps
7TkuY99IF_s\tTudh Bhave Ta Bakas Lai | Bhai Sarabjit Singh Ji | Punjabi , English Lyrics & Meaning | 4k 60 fps
RwW-SdCqJXs\tMokao Taar Le Rama Taar Le | Bhai Sarabjit Singh Ji | Punjabi , English Lyrics & Meaning | 4k 60 fps
cnD8ovX-QxU\tTohi Mohi | Bhai Maninder Singh Ji | Punjabi , English Lyrics & Meaning | Gurbani | 4k 60fps
F-khKilA9TM\tSant Chi Sangat | Bhai Maninder Singh Ji | Punjabi , English Lyrics & Meaning | Gurbani | 4k 60fps
l8UVEgwodEM\tPaar Kiase Payibo Re | Bhai Maninder Singh Ji | Punjabi , English Lyrics & Meaning | Gurbani | 4k 60
TiuOo-QKGpU\tJaagat Jot Japey | Bhai Harjinder Singh Ji | Punjabi , English Lyrics & Meaning | Gurbani | 4k 60fps
3YznTkWgQj0\tWaho Waho Gobind Singh Aape Gur Chela | Bhai Harjinder Singh Ji | Punjabi , English Lyrics & Meaning
WvpjvtIv4R8\tTum Siyu Jori | Bhai Maninder Singh Ji | Punjabi , English Lyrics & Meaning | Gurbani | 4k 60fps
XIGPgJLMNrI\tRavidas Jaape | Bhai Maninder Singh Ji | Punjabi , English Lyrics & Meaning | Gurbani | 4k 60fps
PvGok5jIGS4\tMai Gobind Puja | Bhai Maninder Singh Ji | Punjabi , English Lyrics & Meaning | Gurbani | 4k 60fps
uMzn0_ZXQ4M\tMati Ko Putra | Bhai Maninder Singh Ji | Punjabi , English Lyrics & Meaning | Gurbani | 4k 60fps
6J_ffNCt9is\tHar Har Har Na Jape Rasna | Bhai Maninder Singh Ji | Punjabi , English Lyrics & Meaning | 4k 60 fps
LZrjO2rDlYY\tKaun Jaane Gun Tere | Bhai Nirbhai Singh Ji | Punjabi , English Lyrics & Meaning | Gurbani | 4k 60
l_m7pJftAog\tHoye Ikatar Milo Mere Bhai | Bhai Nirbhai Singh Ji | Punjabi , English Lyrics & Meaning | 4k 60 fps
Mtuc8zjsdL4\tKoi Koi Sajan Aaye Kahe | Bhai Niranjan Singh Ji | Punjabi , English Lyrics & Meaning | 4k 60 fps
qrt_DRDcjNo\tSanta Naal Vair Kamavde | Bhai Sarabjit Singh Ji | Punjabi , English Lyrics & Meaning | 4k 60fps
cBqa42NRggM\tDuniya Hasyar Bedaar | Bhai Sarabjit Singh Ji | Punjabi , English Lyrics & Meaning | 4k 60 fps
wvFh3ZxlbPo\tMaula Khel Kare | Bhai Sarabjit Singh Ji | Punjabi , English Lyrics & Meaning |  Gurbani | 4k 60 fps
gxwXe2ckzEA\tMann Mereya | Bhai Inderjit Singh Ji | Punjabi , English Lyrics & Meaning |  Gurbani | 4k 60 fps
1T4mVAkDorI\tBikhamo Bikham | Bhai Inderjit Singh Ji | Punjabi , English Lyrics & Meaning |  Gurbani | 4k 60 fps
dt8kmy5ZXQw\tEh Jo Duniya | Bhai Inderjit Singh Ji | Punjabi , English Lyrics & Meaning |  Gurbani | 4k 60 fps
CYZ0ZMcoBVA\tSab Gobind Hai | Bhai Inderjit Singh Ji | Punjabi , English Lyrics & Meaning |  Gurbani | 4k 60 fps
Vg1PxgGGdik\tAmrit Bachan Saadh Ki Baani | Bhai Harjinder Singh Ji | Punjabi , English Lyrics & Meaning | 4k 60
tKuyDI9ipRk\tAmrit Baani Har Har Teri | Bhai Harjinder Singh Ji | Punjabi , English Lyrics & Meaning | 4k 60 fps
-dpKpIiS8-M\tTeri Chaal Suhaavi | Bhai Harjinder Singh Ji | Punjabi , English Lyrics & Meaning | Gurbani | 4k 60
znD8do6TDGI\tKoi Jan Har Syon Devei Jor | Bhai Harjinder Singh Ji | Punjabi , English Lyrics & Meaning | 4k 60 fp
LuGhb3GLjXU\tHum Kookar Tere Darbar | Bhai Harjinder Singh Ji | Punjabi , English Lyrics & Meaning | 4k 60 fps
IWA5PXsTWIk\tSun Naah Prabhu Jiyo Ekladi Ban Maahe | Bhai Rai Singh Ji | Punjabi , English Lyrics & Meaning | 4k
6h5-x-yCVCw\tKoi Aan Milave Mera Pritam Piaara | Punjabi , English Lyrics & Meaning | Shabad Gurbani | 4k 60fps
h3dp2R7Yh4M\tNit Japiye Saas | Bhai Rai Singh Ji | Punjabi , English Lyrics & Meaning | Shabad Gurbani | 4k 60fps
LbxLmmqAxtk\tAchraj Teri Kudrat | Bhai Harjinder Singh Ji | Punjabi , English Lyrics & Meaning | Gurbani | 4k 60
GypBgr4tIMs\tSunho Benti Thakur Mere | Bhai Kamaljeet Singh Ji | Punjabi , English Lyrics & Meaning | 4k 60fps
UWn8hkkYJBg\tToo Bhgtan Kei Vas | Bhai Kamaljeet Singh Ji | Punjabi , English Lyrics & Meaning | Gurbani | 4k 60
tfk13C0ChsE\tKar Kirpa Kirpaal Apey Baksh Lai | Bhai Gurmukh Singh Ji | Punjabi , English Lyrics & Meaning | 4k
9JfbSsvKNnk\tJisda Karta Mittar | Bhai Kamaljeet Singh Ji | Punjabi , English Lyrics & Meaning | Gurbani | 4k 60
2b2ATe1TDvQ\tJyo Jyo Tera Hukum | Bhai Balwinder Singh Ji Lupoke | Punjabi , English Lyrics & Meaning | 4k 60fps
XsjPg1Q-99I\tSabh Meh Sachcha Eko Soi | Bhai Kamaljeet Singh Ji | Punjabi , English Lyrics & Meaning | 4k 60fps
I3_uMdV9v7I\tAades Baba Aades (Babar Bani) | Bhai Sarabjit Singh Ji | Punjabi , English Lyrics & Meaning | 4k 60
ufIOh288cjI\tJo Na Bhajante Narayana | Bhai Nirmal Singh Ji Khalsa | Punjabi , English Lyrics & Meaning | 4k 60fp
Pc55J1uQfhk\tKahe Re Ban Khojan Jaee | Bhai Nirmal Singh Ji Khalsa | Punjabi , English Lyrics & Meaning | 4k 60fp
58RUhOQchv0\tBang Ke Bangali | Bhai Gopal Singh Ji Ragi | Punjabi , English Lyrics & Meaning | Gurbani | 4k 60fps
5hlwun2T2n4\tShlok Bhagat Kabir Ji | Bhai Satvinder & Harvinder Singh Ji | Punjabi , English Lyrics & Meaning |4k
W28XlZNgDak\tPanch Baar Gang Jaye | Bhai Harbans Singh Ji | Punjabi , English Lyrics & Meaning | Gurbani | 4k 60
ZMWsVfCGztc\tSaheb Lekha Mangsi | Bhai Surjit Singh Ji Rasila | Punjabi , English Lyrics & Meaning | Gurbani | 4k
iy5dkwod2Ic\tLekha Rab Magesiya | Bhai Nirmal Singh Ji | Punjabi , English Lyrics & Meaning | Gurbani | 4k 60fps
ZfXIWnDe1dY\tNanak Aisi Marni Jo Marei | Sant Baba Ram Singh Ji | Punjabi , English Lyrics & Meaning | 4k 60fps
uKROwTRck-E\tMann Mere Bhule Kapat Na Kije | Veer Arvinder Singh Ji | Punjabi , English Lyrics & Meaning | 4k 60
dslyV0OFg0o\tPaapi Ko Dand Diyo | Bhai Harcharan Singh Ji Khalsa | Punjabi , English Lyrics & Meaning | 4k 60fps
72gv1J27FfI\tPapi Te Raakhe Narayan | Bhai Ravinder Singh Ji | Punjabi , English Lyrics & Meaning | Gurbani | 4k
tUuUjPCizrA\tPaap Kaavdeya Tera Koi Na Beli Ram | Sant Anoop Singh Ji | Punjabi , English Lyrics & Meaning | 4k
Kjm-O-CEQ5I\tNar Achet Paap Te Dar Re | Bhai Bakshish Singh Ji | Punjabi , English Lyrics & Meaning | 4k 60 fps
k5kUHAM2ka8\tRan Dekh Soore Chit Ulhas | Bhai Baldev Singh Ji Wadala | Punjabi , English Lyrics & Meaning | 4k 60
P28_UG1xgsU\tSoora So Pehchaniyai | Bhai Gagandeep Singh Ji | Punjabi , English Lyrics & Meaning | 4k 60 fps
TlgdKkDr_Ao\tSatgur Vich Aap Vartada | Bhai Sukhjinder Singh Ji | Punjabi , English Lyrics & Meaning | 4k 60 fps
Ju-CFPHaT2I\tSo Dar Keha So Ghar Keha | Bhai Nirmal Singh Ji Khalsa | Punjabi , English Lyrics & Meaning | 4k 60
4mzqM8xnT6Q\tBhai Re Is Man Ko Samjhaye | Bhai Harjinder Singh Ji | Punjabi , English Lyrics & Meaning | 4k 60fps
UB2xJ7z0iBQ\tMann Mereya Anter Tere | Bhai Gagandeep Singh Ji | Punjabi , English Lyrics & Meaning | Gurbani | 4k
TvrfGUlBt5M\tSir Dhar ke Tali Te Aaja | Sant Jarnail Singh Ji Khalsa | Punjabi , English Lyrics & Meaning | 4k 60
HdFrBjKkeqM\tSir Dhar ke Tali Te Aaja (Intro) | Sant Jarnail Singh Ji Khalsa Bhindranwale | Gurbani | 4k 60fps
rSRYDxDLNtc\tMati Ko Putra Kaise Nachat Hai | Bhai Harjinder Singh Ji | Punjabi , English Lyrics & Meaning | 4k
6hVmVD7nRbE\tTum Kahiyat Ho Jagat Gur Swami | Bhai Nirmal Singh Ji | Punjabi , English Lyrics & Meaning | 4k 60fp
_Dzo0eRWcEU\tNanak Dukhiya Sab Sansaar | Bhai Nirmal Singh Ji | Punjabi , English Lyrics & Meaning | 4k 60fps
Hn3f1dBv_A8\tJa Tu Mere Wal Hai | Bhai Niranjan Singh Ji | Punjabi , English Lyrics & Meaning | Gurbani | 4k 60fp
VJhFu658RSc\tMohe Na Bisaro Main Jann Tera | Bhai Rai Singh Ji | Punjabi , English Lyrics & Meaning | 4k 60fps
LGcIsJTC90s\tJaise Ek Jananai Kai | Bhai Rai Singh Ji | Punjabi , English Lyrics & Meaning | Gurbani | 4k 60fps
7T3sLfKo9l0\tTu Kaahe Doleh Praaniya | Bhai Rai Singh Ji  | Punjabi , English Lyrics & Meaning | Gurbani | 4k 60
ZKjpMnpNayM\tNa Bichareyo Raja Ram ko Ras | Bhai Maninder Singh Ji | Punjabi , English Lyrics & Meaning | 4k 60
wvpsrLD5OWM\tAb Tuhi Main Nahi | Bhai Maninder Singh Ji | Punjabi , English Lyrics & Meaning | Gurbani | 4k 60
Xgr8Mxy9g1U\tRain Gavaayi Soye Ke | Bhai Nirmal Singh Ji Khalsa | Punjabi , English Lyrics & Meaning | 4k 60 FPS
fmTBVR-RWD4\tMann Haali Kirsani Karni | Bhai Nirmal Singh Ji Khalsa | Punjabi , English Lyrics & Meaning | 4k 60
AzjCGDzjhC8\tEh Sarira Mereya | Bhai Nirmal Singh Ji Khalsa | Gurbani | Punjabi , English Lyrics & Meaning | 4k
UHp-icwUmNE\tJis Neech Ko Koi Na Jaane | Bhai Nirmal Singh Ji Khalsa | Punjabi , English Lyrics & Meaning | 4k 60
JA_tN4w-a3Q\tTrishna Bujhe Har Ke Naam  Bhai Nirmal Singh Ji Khalsa | Punjabi , English Lyrics & Meaning | 4k 60
gDLsFaOnaPk\tGhar Meh Thakur | Bhai Nirmal Singh Ji | Shabad Gurbani | Punjabi , English Lyrics & Meaning | 4k 60
d8QnwSakiNM\tHar Kirtan Sune Har Kirtan Gaavai | Bhai Nirmal Singh Ji | Punjabi , English Lyrics & Meaning | 4k
bcn9bxn04H8\tHar Jas Suneh Na Har Gun Gaveh | Bhai Gurinderbeer Singh Ji | Punjabi , English Lyrics & Meaning |4k
nh7lHY-6p8Y\tRe Jee Nilaj Laaj | Bhai Gagandeep Singh Ji | Punjabi , English Lyrics & Meaning | Gurbani | 4k 60
SdHXyS8A6aw\tTu Mero Pyaro | Bhai Gurkirat Singh Ji | Punjabi , English Lyrics & Meaning | Shabad Gurbani | 4k 60
DWYnhoQbGu4\tSajjan Meinda Rangla | Bhai Gurkirat Singh Ji | Punjabi , English Lyrics & Meaning | Gurbani | 4k 60
YKY8Hrdn7d4\tRaaje Paap Kamavde | Bhai Harcharan Singh Ji Khalsa | Punjabi , English Lyrics & Meaning | 4k 60fps
oGb_3S_UKj4\tMeetha Lagei Tera Bhana | Bhai Gurkirat Singh Ji | Punjabi , English Lyrics & Meaning | Gurbani | 4k
R_TQuifgHF8\tTu Jaanat Main Kichh Nahin | Bhai Gagandeep Singh Ji | Punjabi , English Lyrics & Meaning | 4k 60fps
clWZGmdrzNI\tHai Koi Ram Pyaro Gave | Bhai Gagandeep Singh Ji | Punjabi , English Lyrics & Meaning | 4k 60fps
aKW0IunHGkg\tJo Dhur Likhya Kartar | Bhai Maninder Singh Ji Khalsa | Punjabi , English Lyrics & Meaning | 4k 60
fN-jmSHdUKs\tRasna Japti Tuhi Tuhi | Bhai Sarabjit Singh Ji | Punjabi , English Lyrics & Meaning | Gurbani | 4k
zWguR37C3Rw\tSun Nah Pyare Ik Benanti Meri | Bhai Amandeep Singh Ji | Punjabi , English Lyrics & Meaning | 4k 60
ahv4XYEvdwc\tAahar Sab Karda Fire | Bhai Sandeep Singh Ji | Punjabi , English Lyrics & Meaning | Gurbani | 4k 60
N6nxrR9L-iA\tBande Bandgi Ik Tiaar | Bhai Nirmal Singh Ji | Punjabi , English Lyrics & Meaning | Gurbani | 4k 60
5O3Kn4SOU7M\tJo Na Bhajante Narayna | Bhai Sandeep Singh Ji | Punjabi , English Lyrics & Meaning | Gurbani | 4k
WReJPX-_SMg\tDukh Bhanjan Tera Naam | Bhai Ravinder Singh Ji | Punjabi , English Lyrics & Meaning | Gurbani | 4k
S1lBwzMv-8Q\tMel Leho Dayal Deh Paye Duareya | Bhai Rai Singh Ji | Punjabi , English Lyrics & Meaning | 4k 60fps
omSTyIQIq50\tHalle Yaara Halle Yaara Khushkhabri | Bhai Sarabjit Singh Ji | Punjabi , English Lyrics & Meaning 4k
YZCazClAXpw\tSab Kaaj Hamara Hoya | Bhai Nirmal Singh Ji Khalsa | Punjabi , English Lyrics & Meaning | 4k 60 fps
403QVGli2Fk\tMore Hriday Baso Gopal | Bhai Sarabjit Singh Ji | Punjabi , English Lyrics & Meaning | 40 60 fps
wl77osHeH6g\tDev Karo Daya Mohe Marag Lavo | Bhai Sarabjit Singh Ji | Punjabi , English Lyrics & Meaning | 4k 60
4PJXZl8Lujw\tHai Hazoor | Bhai Sarabjit Singh Ji | Punjabi , English Lyrics & Meaning | Shabad Gurbani | 4k 60fps
osY7HJbR3Vg\tSo Kyun Andha Aakhiae | Bhai Sarabjit Singh Ji | Punjabi , English Lyrics & Meaning | Gurbani | 4k
VirqHnsDl74\tSabh Kichh Tishe Rajjae | Bhai Sarabjit Singh Ji | Punjabi , English Lyrics & Meaning | Gurbani | 4k
w6iTyJVBQKM\tSahib Andha Jo Kiya | Bhai Sarabjit Singh Ji | Punjabi , English Lyrics & Meaning |  Gurbani | 4k 60
vebHczGvNsg\tKahe Re Ban Khojan Jaaee | Bhai Jagtar Singh Ji | Punjabi , English Lyrics & Meaning | Gurbani | 4k
9QmKGwa0Yb0\tSab Gobind Hia | Bhai Niranjan Singh Ji | Punjabi , English Lyrics & Meaning |  Gurbani | 4k 60fps
RDlOxKtf558\tApne Karam Ki Gat Main Kya Jaanu | Bhai Niranjan Singh Ji | Punjabi , English Lyrics & Meaning | 4k
1qRqFfxQ3_0\tShri Ram Naama Uchar Mana | Bhai Dalbir Singh Ji | Punjabi , English Lyrics & Meaning | Gurbani | 4k
sjSsP9pZW6Y\tSab Jee Tumhare Jee Tu Jeeaa Ka Daatara | Bhai Amritpal Singh | Punjabi , English Lyrics & Meaning
Grx2v2JqB3s\tSukh Hove Din Raati | Bhai Davinder Singh Ji Sodhi | Punjabi , English Lyrics & Meaning | 4k 60fps
pN2S1HUycgs\tMilat Pyareo Pran Nath Kaven Bhagat Te | Bhai Harjinder Singh | Punjabi , English Lyrics & Meaning
13yaQtjmj3w\tEk Hi Ek Anek Hoe Bisthario | Bhai Harjinder Singh Ji | Punjabi , English Lyrics & Meaning | 4k 60fp
i76TegSzOcM\tNagar Jana Meri Jaat | Bhai Harjinder Singh Ji | Punjabi , English Lyrics & Meaning | Gurbani | 4k
DpxSUoGqCRU\tParche Ram Rave Jo Koi | Bhai Harjinder Singh Ji | Punjabi , English Lyrics & Meaning | Gurbani | 4k
hx7Oo2GA3Ec\tTu Kahe Garbe Bawli | Bhai Harjinder Singh Ji | Punjabi , English Lyrics & Meaning | Gurbani | 4k 60
N8YjgPZUsPw\tPran Ke Bacheya Doodh Poot Ke Devaya | Bhai Satinderbir Singh | Punjabi , English Lyrics & Meaning
YtMMyk2oVhg\tBhagta Ki Tek Tu Santa Ki Oat Tu | Bhai Satinderbir Singh Ji | Punjabi , English Lyrics & Meaning 4k
qMVWHN_gyq4\tGhar Sukh Vaseya Bahar Sukh Paya | Bhai Satinderbir Singh Ji | Punjabi , English Lyrics & Meaning 4k
J-LRw3Al46I\tAisi Daat Teri Prabh Mere | Bhai Satinderbir Singh Ji | Punjabi , English Lyrics & Meaning | 4k 60fp
lr3HZQGdLj8\tNaal Narayan Mere | Bhai Davinder Singh Ji Sodhi | Punjabi , English Lyrics & Meaning | Gurbani | 4k
-uQeFFox_UY\tJo Mange Thakur Apne Te | Bhai Satvinder Singh Ji | Punjabi , English Lyrics & Meaning | 4k 60fps
Zp7mPREKdUE\tRam Ram Karta Sabh Jag Phirai | Bhai Balwinder Singh Ji | Punjabi , English Lyrics & Meaning | 4k 60
oRjm4BtCnN0\tDarshan Dije Khol Kiwar | Bhai Ravinder Singh Ji | Punjabi , English Lyrics & Meaning | Gurbani | 4k
RsxGmpias5I\tDarshan Parsiye Guru Ke | Bhai Ravinder Singh Ji | Punjabi , English Lyrics & Meaning | Gurbani | 4k
UI_QdXtQnx0\tDaras Tere Ki Pyas | Bhai Harjinder Singh Ji | Punjabi , English Lyrics & Meaning | Gurbani | 4k 60
fu7WgcYxHPk\tDaas Tere Ki Benti | Bhai Harjinder Singh Ji | Punjabi , English Lyrics & Meaning | Gurbani | 4k 60
Ghx8oaTU8YQ\tMatwaro Re Jogiya | Bhai Harjinder Singh Ji | Punjabi , English Lyrics & Meaning | Gurbani | 4k 60fp
riCNUqOcOkg\tRain Giyee Mat Din bhi jaye | Bhai Harjinder Singh Ji  | Punjabi , English Lyrics & Meaning | 4k 60f
4wrGvxuGuqo\tTu Sachcha Sayin | Bhai Tarbalbir Singh Ji | Punjabi , English Lyrics & Meaning | Gurbani | 4k 60fps
6GjPIsxPfDA\tPrabh Siyon Laag Reho Mera Chitt | Bhai Tarbalbir Singh Ji | Punjabi , English Lyrics & Meaning | 4k
t0IhEAUoYvw\tMain Ajan Jan | Bhai Gurjant Singh Ji Gurmat Bibek | Punjabi , English Lyrics & Meaning | 4k 60fps
muLwyclQvec\tMohe Na Bisaro Main Jan Tera | Bhai Tarbalbir Singh Ji | Punjabi , English Lyrics & Meaning | 4k
CWnkauhF0Q8\tPehla Maran Kabool | Bhai Ravinder Singh Ji | Punjabi , English Lyrics & Meaning | 4k 60fps
YzC2dmiB684\tMera Man Lochai | Bhai Nirmal Singh Ji | Punjabi , English Lyrics & Meaning | Gurbani | 4k 60fps
BYaHnEj40Ts\tBaba Man Matwaro Naam Ras | Bhai Niranjan Singh Ji | Punjabi , English Lyrics & Meaning | 4k 60fps
Nl3mtPuTUZY\tShyam Sundar Taj Neend Kyon Aayi | Bhai Harjinder Singh Ji  | Punjabi , English Lyrics & Meaning |4k
_-A8HOG8Q8I\tMahima Kahi Na Jae | Bhai Inderjit Singh Ji | Punjabi , English Lyrics & Meaning | Gurbani | 4k 60fp
_UzLduYsk3U\tMahima Sadhu Sang Ki | Bhai Harjinder Singh Ji | Punjabi , English Lyrics & Meaning | Gurbani | 4k
vgZdg0q91PY\tMere Baba Main Baura | Bhai Ravinder Singh Ji | Punjabi , English Lyrics & Meaning | Gurbani | 4k
-CVIbmQF6bU\tDitha Sab Sansar Sukh Na Naam Bin | Bhai Harjinder Singh Ji | Punjabi , English Lyrics & Meaning |4k
8YVkOfVVB0A\tPartachh Ridey Gur Arjan Ke | Bhai Sarabjit Singh | Punjabi Lyrics & Punjabi , English Meaning | 4k
-5DLRLFOx2Q\tJapeo Jin Arjan Dev Guru | Bhai Sarabjit Singh Ji | Punjabi Lyrics & Punjabi , English Meaning | 4k
KDDBwLOzrxE\tGur Arjan Vitoh Qurbani | Bhai Sarabjit Singh Ji | Punjabi Lyrics & Punjabi , English Meaning | 4k
SrgcVbZ89WQ\tRam Hum Satguru Laley Kandhey | Bhai Harjinder Singh | Punjabi , English Lyrics & Meaning | 4k 60fps
tt7FlXK9Juo\tSun Sun Jeeva Teri Baani | Bhai Harjinder Singh Ji | Punjabi , English Lyrics & Meaning | 4k 60fps
1kjYh_lNPLA\tBahur Hum Kaahe Aavenge | Bhai Nirmal Singh Ji | Punjabi , English Lyrics & Meaning | 4k 60fps
lGnFXLEJhgU\tGobind Hum Aise Apradhi | Bhai Sarabjit Singh Ji | Punjabi , English Lyrics & Meaning | 4k 60fps
IxnvsPoKx4o\tJeevano Mein Jeevan Paya | Bhai Harjinder Singh Ji | Punjabi , English Lyrics & Meaning | 4k 60fps
9S6GSjM7A0I\tMan Tu Mat Maan Kare | Bhai Harjinder Singh Ji | Punjabi , English Lyrics & Meaning | Gurbani | 4k60
lx4ui_zak00\tMeri Meri Karte Janam Gayo | Bhai Harjinder Singh Ji | Punjabi , English Lyrics & Meaning | 4k 60fps
NxYlFJpA8kw\tDukh Bhanjan Tera Naam Ji | Bhai Harjinder Singh Ji | Punjabi , English Lyrics & Meaning | 4k 60fps
yHTFz8VNsAA\tJeon Jeon Nama | Bhai Harjinder Singh Ji  | Punjabi , English Lyrics & Meaning | Gurbani | 4k 60fps
W63HIxKT_Vo\tTeri Bhagat Na Chhodon | Bhai Harjinder Singh Ji | Punjabi , English Lyrics & Meaning | Gurbani | 4k
jIC2ahCuW9w\tBhookhe Bhagat Na Keejei | Bhai Sarabjit Singh Ji | Punjabi , English Lyrics & Meaning | 4k 60fps
gHAfgq94FJ0\tBegampura Sehar Ko Nao | Bhai Sarabjit Singh Ji | Punjabi , English Lyrics & Meaning | 4k 60fps
D0_ZdSnATHE\tSatgur Ki Sewa | Bhai Hrajinder Singh Ji | Punjabi , English Lyrics & Meaning | Gurbani | 4k 60fps
VW7GRMH4gVU\tAri Bai Gobind Naam Mat Bisre | Bhai Hrajinder Singh Ji | Punjabi , English Lyrics & Meaning | 4k 60
az3ec_9SLRQ\tMeet Kare Soi Hum Maana | Bhai Sarabjit Singh Ji | Punjabi , English Lyrics & Meaning | 4k 60fps
6ohYgPk7qDE\tAsavanti Aas Gusain Puriye | Bhai Sarabjit Singh Ji | Punjabi , English Lyrics & Meaning | 4k 60fps
t5NYRvNdHS4\tRam Mau Ko Taar | Bhai Sarabjit Singh Ji | Punjabi , English Lyrics & Meaning | Gurbani | 4k 60fps
9GrtqAZcdCI\tMain Banda Baikharid | Bhai Rai Singh Ji | Punjabi , English Lyrics & Meaning | Gurbani | 4k 60fps
31J13KeFV6k\tSatnam Waheguru | Guru Randhawa | Punjabi , English Lyrics & Meaning | Simran | 4k 60fps Video
3R1k5nwjNqw\tSacheaar Sikh Baithe Satgur Paas | Bhai Rai Singh Ji | Punjabi , English Lyrics & Meaning | 4k 60fps
emq9uoa_YuM\tKaam Krodh Lobh Jhoot Ninda In Te Aap Chhadavo | Bhai Rai Singh | Punjabi , English Lyrics & Meaning
bZYu9dWELuo\tEko Naam Dhaye Mann Mere | Bhai Baldev Singh Ji Vadala | Punjabi , English Lyrics & Meaning | 4k 60
k0aWxqf2uIE\tKal Main Eho Pun Gun Govind Gahe | Bhai Harjinder Singh Ji | Punjabi , English Lyrics & Meaning | 4k
9VXNfb0nNMg\tPaap Kamavdeya Tera Koi Na Beli Ram | Bhai Lakhwinder Singh | Punjabi , English Lyrics & Meaning |4k
U_W5hHfatDU\tNanak Kisnau Aakhiye | Bhai Lakhwinder Singh Ji | Punjabi , English Lyrics & Meaning | Gurbani | 4k
_dmZSBOphnk\tKis Naal Kichey Dosti | Bhai Lakhwinder Singh Ji | Punjabi , English Lyrics & Meaning | Gurbani | 4k
yn8nSS8F4yQ\tMere Har Jio | Bhai Lakhwinder Singh Ji | Punjabi , English Lyrics & Meaning | Gurbani | 4k 60fps
eX5IuoXVx38\tJagat Mein Jhoothi Dekhi Preet | Bhai Ravinder Singh Ji | Punjabi , English Lyrics & Meaning | 4k
mngl7gOPOx8\tRe Nar Ehe Sachi Jee Dhar | Bhai Ravinder Singh Ji | Punjabi , English Lyrics & Meaning | 4k 60fps
hvN5I5x8nKY\tKya Jaana Kiv Marhenge | Bhai Ravinder Singh Ji | Punjabi , English Lyrics & Meaning | Gurbani | 4k
qe6UuA_ToRg\tAkhin Vekh Na Rajiya | Bhai Harcharan Singh Ji | Punjabi Lyrics & Punjabi , English Meaning | 4k
puBICb7A9v0\tDandwat | Bhai Nirmal Singh Ji Khalsa | Punjabi , English Lyrics & Meaning | Gurbani | 4k 60fps
9UY-Bet-E_s\tCharan Kamal Prabh Ke Nit | Bhai Nirmal Singh Ji Khalsa | Punjabi , English Lyrics & Meaning | 4k
FlHEIpvI7Po\tBabiha Amrit Vele Boleya | Bhai Nirmal Singh Ji Khalsa | Punjabi , English Lyrics & Meaning | 4k
kQyicIiFSpw\tSaadh Ka Nindak Kaise Tarai | Bhai Harjinder Singh Ji | Punjabi , English Lyrics & Meaning | 4k
DfPdLBvMHJI\tBahut Janam Bichre The Madho | Bhai Nirmal Singh Ji Khalsa | Punjabi , English Lyrics & Meaning | 4k
0X3ISYWJIXA\tNadiyaa Waah Vichhuniyaa Mela Sanjogi Ram | Bhai Nirmal Singh | Punjabi , English Lyrics & Meaning
IeUwDrBxBrg\tTribute to Bhai Nirmal Singh Ji Khalsa | Gurbani | With English , Punjabi Lyrics & Meaning | Full HD
FqQRg-fJ0Ac\tHar Jiyo Nimanian Tu Maan | Bhai Surinder Singh Ji | Punjabi , English Lyrics & Meaning | 4k 60fps
XQEQhovD-l8\tJio Jio Tera Hukam | Bhai Ravinder Singh Ji | Punjabi , English Lyrics & Meaning |Gurbani | 4k 60fps
taCHI_w6GDY\tPatit Udharan Satgur Mera | Bhai Tarbalbir Singh Ji | Punjabi , English Lyrics & Meaning | 4k 60fps
45J4dQc80Gs\tJagat Jalanda Rakh Lai Apni Kirpa Dhar | Bhai Harjinder Singh | Punjabi , English Lyrics & Meaning
7XhdF0LE9NY\tMera Muj Main Kish Nahi | Bhai Sarabjit Singh Ji | Punjabi , English Lyrics & Meaning | 4k (60fps)
Pz85EZoH_gM\tMain Garib Sach Tekh Toon | Bhai Kamaljeet Singh | Punjabi , English Lyrics & Meaning | 4k (60 FPS)
q5YtQlac9NQ\tJyon Rakhe Tyon Rahiye | Bhai Davinder Singh Ji | Punjabi , English Lyrics & Meaning | 4K (60fps)
WXBxmG0fuhU\tLanka Ghad Sohne Ka Paya | Bhai Davinder Singh Ji | Punjabi , English Lyrics & Meaning | 4K (60fps)
vts4Qnb96Zk\tNaam Nit Nit Ley | Bhai Harjinder Singh Ji | Punjabi , English Lyrics & Meaning | Gurbani | 4k 60fps
uwt81ewlh9Q\tBerha Bandh Na Sakio Bandhan Ki Vela | Bhai Harinder Singh | Punjabi , English Lyrics & Meaning | 4k
Y3ZjKMv-gXY\tMain Prabh Milnei Ka Chau | Bhai Harjinder Singh | Punjabi , English Lyrics & Meaning | 4k (60fps)
ihcpMSsXyX4\tRasna Jaapti Tuhi Tuhi | Bhai Sarabjit Singh Ji | Punjabi , English Lyrics & Meaning | 4k (60 FPS)
LHpbEeE0joo\tRamdas Sarovar Naate | Bhai Inderjit Singh Ji | Punjabi , English Lyrics & Meaning | Gurbani | 4k
divtP-9OO0Q\tWaheguru (Simran) / Bhai Mehtab Singh Ji / Punjabi , English Lyrics & Meaning / Shabad Gurbani / 4k
XBW7V3sAFNc\tKinka Ek Jis Jee Basavey / Bhai Mehtab Singh Ji / Punjabi , English Lyrics & Meaning / Gurbani / 4k
0fAeIn8LPus\tSabhna Ka Maa Peo Aap Hai / Bhai Mehtab Singh Ji / Punjabi , English Lyrics & Meaning / Gurbani / 4k
kPfbQz3XCaU\tGur Ka Darshan Dekh Dekh Jeeva / Bhai Mehtab Singh Ji / Punjabi , English Lyrics & Meaning / 4k
mNOJCfa2Hd8\tMan Bairaag Bhaya / Bhai Harjinder Singh Ji / Punjabi , English Lyrics & Meaning / Gurbani / 4k
VCXpDWjVPkY\tMan Bairaag Bhaya / Bhai Harjinder Singh Ji / Punjabi , English Lyrics & Meaning / Gurbani / 4k
zatPkDPG774\tJag Rachna Sabh Jhooth Hai / Bhai Jagtar Singh Ji / Punjabi , English Lyrics & Meaning / Gurbani/ 4K
LOnEh1wdHV0\tDhan Dhan Ramdas Gur / Bhai Sarabjit  Singh Ji / Punjabi , English Lyrics & Meaning / Gurbani / 4K
JZBX7PAxWjg\tMann Re Prabh Ki Saran Bichaaro / Bhai Amritpal Singh Ji / Punjabi , English Lyrics & Meaning / 4k
5ORLM1X64Rk\tJale Hari Thale Hari / Bhai Sarabjit  Singh Ji / Punjabi Lyrics & Meaning / Shabad Gurbani / 4K
kdgJTw0TnOA\tDithe Sabhe Thanv / Ishmeet  Singh / Punjabi , English Lyrics & Meaning / Shabad Gurbani / 4k Video
CyVihDsrE4s\tKaho Nanak Sab Teri Wadiyai / Bhai Ravinder  Singh Ji / Punjabi , English Lyrics & Meaning / 4k
x8hcxmvmxKo\tSache Marag Chaldian / Bhai Ravinder Singh Ji / Punjabi , English Lyrics & Meaning / Gurbani / 4K
rFykYk5cP8g\tMere Sahiba Tere Choj Vidana / Bhai Amritpal  Singh Ji / Punjabi , English Lyrics & Meaning / 4k
G7j9E_z7jiM\tKite Parkar Na Tutaho Preet / Bhai Kamaljeet Singh Ji / Punjabi , English Lyrics & Meaning / 4k
Huj0l1Da1x8\tAise Gur Ko Bal Bal Jaiye / Bhai Jaswinder Singh Ji / Punjabi , English Lyrics & Meaning / 4k
dAszMtfevdE\tKoi Bole Ram Ram Koi Khudai / Bhai Jaswinder Singh Ji / Punjabi , English Lyrics & Meaning / 4k
w4aIeHhVdtI\tEh Man Sunder Apna / Bhai Harjinder Singh Ji / Punjabi , English Lyrics & Meaning / Gurbani / 4k
DL-QDGUFQe4\tJahar Peer Jagat Gur Baba / Bhai Jagtar Singh Ji / Punjabi , English Lyrics & Meaning / Gurbani / 4k
pWFiv49TNPE\tTudh Roop Na Rekhiah / Bhai Niranjan Singh Ji / Punjabi , English Lyrics & Meaning / Gurbani / 4k
QG_2pVI79kw\tTu Chit Aaveh Teri Maya / Bhai Kamaljeet Singh Ji / Punjabi , English Lyrics & Meaning / 4k
kcV2KDi-82k\tTu Mero Pyaro / Sant Anoop Singh Ji / Punjabi , English Lyrics & Meaning / Shabad Gurbani / 4k Video
IDJR6c8Wc_0\tJisda Karta Mitar Sabh Kajh Savariya / Bhai Kamaljeet Singh Ji / Punjabi , English Lyrics & Meaning
5UV75aoSD4Y\tChitt Aave Us Parbrahm / Bhai Davinder Singh Ji / Punjabi , English Lyrics & Meaning / Gurbani / 4k
cJQV-475mNU\tUstat Man Meh Kar Nirankar / Bhai Kamaljeet Singh Ji / Punjabi , English Lyrics & Meaning / 4K Video
XZoJMAtQigU\tBhagtan Ki Tek Tun Santan Ki Oot Tun / Bhai Jaswant Singh / Punjabi , English Lyrics & Meaning / 4k
U1sN2fHg3bg\tAbchal Nagar Gobind Guru Ka / Bhai Sarabjit Singh Ji / Punjabi , English Lyrics & Meaning / 4k Video
25EdkWa9hNw\tMere Preetam Pyare / Bhai Tarbalbir Singh / Punjabi , English Lyrics & Meaning / Shabad Gurbani / 4k
ty6TEFqpgys\tPrabh Ji Tu Mero Sukh Data / Bhai Tarbalbir Singh Ji / Punjabi , English Lyrics & Meaning / 4k Video
My36c2BY9DI\tTaati Vaho Na Lagayi / Bhai Tarbalbir Singh Ji / Punjabi , English Lyrics & Meaning / Gurbani / 4k
iLpQ_o4e18E\tMere Ram Har Jan Keho / Bhai Tarbalbir Singh Ji / Punjabi , English Lyrics & Meaning / Gurbani / 4k
OP-x4cz1FM4\tTera Eko Naam Majithadha / Bhai Tarbalbir Singh / Punjabi , English Lyrics & Meaning / Gurbani / 4k
WY5Fe-stDl8\tGur Purey Kirpadhari / Bhai Tarbalbir Singh Ji / Punjabi , English Lyrics & Meaning / Gurbani / 4k
bBRVeVwgsDA\tMere Satgura / Bhai Harjinder Singh Ji / Punjabi , English Lyrics & Meaning / Shabad Gurbani / 4k
Hq-qozXGkGk\tMere Ram Rai / Bhai Harjinder Singh Ji / Punjabi , English Lyrics & Meaning / Shabad Gurbani / 4k
GbSa0uxcdVE\tTum Karoh Daya Mere Sai / Bhai Satwinder & Harwinder Singh / Punjabi , English Lyrics & Meaning / 4k
QYnYnqbmwIE\tKar Kirpa Tere Gun Gaavan / Bhai Satinderbeer Singh Ji / Punjabi , English Lyrics & Meaning / 4k
mgrhsou4MLc\tManmukhan Keri Dosti / Bhai Lakhwinder Singh Ji / Punjabi , English Lyrics & Meaning / Gurbani / 4k
34PSmJxwwxU\tNrip Kaneya Ke Karne / Bhai Tarbalbir Singh Ji / Punjabi , English Lyrics & Meaning / Gurbani / 4k
jkjuUdhhgpM\tHarji Mata / Bhai Jatinder Singh Ji / Punjabi , English Lyrics & Meaning / Shabad Gurbani / 4k
E82dvwf3i5k\tHao Reh Na Saka / Bhai Harjinder Singh Ji / Punjabi , English Lyrics & Meaning / Shabad Gurbani / 4k
97Dq39cBoe0\tJaachak Mangey Daan / Bhai Kamaljeet Singh Ji / Punjabi , English Lyrics & Meaning / Gurbani / 4k
i1cqUWm6HHQ\tSab Teri Kudrat / Bhai Kamaljeet Singh Ji / Punjabi , English Lyrics & Meaning / Shabad Gurbani / 4k
C9UwId42Gls\tDarshan Pyaas / Bhai Harjinder Singh Ji / Punjabi , English Lyrics & Meaning / Shabad Gurbani / 4k
mmNc7UmCwZI\tHar Bin Reh Na Sakey / Bhai Harjinder Singh Ji / Punjabi , English Lyrics & Meaning / Gurbani / 4k
SdyJ3pKMatg\tRajan Ke Raja / Bhai Nirmal Singh Ji Khalsa / English Lyrics & Meaning / Shabad Gurbani / 4k
jEJ0KHeL5Vc\tRajan Ke Raja / Bhai Nirmal Singh Ji Khalsa / Punjabi Lyrics & Meaning / Shabad Gurbani / 4k
rcLARL6IdTA\tJin Prem Kio / Bhai Lakhwinder Singh Ji / English Lyrics & Meaning /Shabad Gurbani / 4k
CU2wqTiRfdE\tJin Prem Kio / Bhai Lakhwinder Singh Ji / Punjabi Lyrics & Meaning /Shabad Gurbani / 4k
ogVC6leV34U\tDaras Tere Ki Pyas Mann Laagi / Bhai Harjinder Singh Ji / Punjabi , English Lyrics & Meaning / 4k
EiQ7StYMnbo\tKoi Jan Har Seo Devo Jor / Bhai Harjinder Singh  / Punjabi , English Lyrics & Meaning / Gurbani / 4k
0kWf-qF4_w4\tHey Rav hey Sas / Bhai karanjeet Singh Ji Khalsa / English Lyrics & Meaning / Shabad Gurbani / 4k
qJxbPfX1bSU\tHey Rav hey Sas / Bhai karanjeet Singh Ji Khalsa / Punjabi Lyrics & Meaning / Shabad Gurbani / 4k
Bly-jHMe0zI\tDeh Shiva Bar Mohe Ehai / Diljit Dosanjh / English Lyrics & Meaning /Shabad Gurbani / 4k
SkWzy9AVbz0\tDeh Shiva Bar Mohe Ehai / Diljit Dosanjh / Punjabi Lyrics & Meaning /Shabad Gurbani / 4k
jK6CRTnUQTI\tMittar Pyare nu / Jagjit Singh / English Lyrics & Meaning /Shabad Gurbani / 4k
nPnOAN03xPc\tMittar Pyare nu / Jagjit Singh / Punjabi Lyrics & Meaning /Shabad Gurbani / 4k
aIy3d9dWqqU\tPuta Mata Ki Asis / Bhai Harjinder Singh / Punjabi , English Lyrics & Meaning / Shabad Gurbani / 4k
-GHz62vdosw\tJap Man Satnam Sada Satnam / Bhai Dalbir Singh / Punjabi , English Lyrics & Meaning / Gurbani / 4k
yviuFQu8GB4\tNeeche Uch Kare Mera Gobind / Bhai Harjinder Singh / Punjabi , English Lyrics & Meaning / 4k Video
c4tKrF1eRmk\tGobind Milan Ki Eh Teri Bariya / Bhai Harjinder Singh Ji / Punjabi , English Lyrics & Meaning / 4k
iCnHirBZDQE\tDekh Bande Ke Bhag / Bhai Harjinder Singh ji / Punjabi , English Lyrics & Meaning / Gurbani / 4K
hFd4RBZo3tk\tPrabh Ehe Manorath Mera / Bhai Harjinder Singh / Punjabi,English lyrics & Meaning / Gurbani / 4K
rVKoVYkVd9E\tTeri Saran Purn Dayala / Bhai Harjinder Singh / Punjabi , English lyrics & Meaning / 4K Video
jjGvnljcy5Y\tPyare In Bidh Milan Na Jaye / Bhai Harjinder Singh Ji / Punjabi , English lyrics & Meaning / 4K
1fk_AiUGYfY\tSabde Sada Basant Hai / Bhai Lakhwinder Singh / Punjabi , English lyrics & Meaning / Gurbani / 4k
HshIBCAhyR8\tDarshan Parsiye Guru Ke / Bhai Lakhwinder Singh / Punjabi , English lyrics & Meaning / Gurbani / 4k
dtF2WNRNJL8\tVich Duniya Sev Kamaiye / Bhai Lakhwinder Singh / Punjabi , English lyrics & Meaning / Gurbani / 4k
xCduLnKYOHU\tPujo Ram Ek Hi Deva / Bhai Lakhwinder Singh Ji / Punjabi , English lyrics & Meaning / Gurbani / 4k
o2fM8UvHB68\tSun Mun Nagri / Bhai Nirmal Singh Ji / Punjabi , English Lyrics & Meaning / Shabad Gurbani / 4K
U3TzR891laI\tMann Kya Kehta / Bhai Sarabjit Singh Ji / Punjabi , English lyrics & Meaning / Shabd Gurbani / 4K
MMjFfTuQAGo\tBarsei Megh Sakhi / Bhai Harjinder Singh Ji / Punjabi , English lyrics & Meaning / Gurbani / 4K
Kceyn19hXz8\tTera Jan Nirat Kare Gun Gaae / Bhai Kamaljeet Singh Ji / Punjabi , English Lyrics & Meaning / 4K
7s_r5l4XKB8\tBaba Bolte They Kahan Gaye / Bhai Harjinder Singh Ji / Punjabi , English lyrics & Meaning / 4K
7USm4fo715E\tTere Lalle / Bhai Lakhwinder Singh Ji / Punjabi , English lyrics & Meaning / Shabad Gurbani / 4K
_vjIZKeZeaQ\tBaba Aakhe Hajiya / Bhai Nirmal Singh Ji / Punjabi , English Lyrics & Meaning / Shabad Gurbani / 4K
NdUFewFQpk4\tEk Shabad Mere Pran Basat Hai / Bhai Lakhwinder Singh Ji / Punjabi , English lyrics & Meaning/ 4K
Dl1-8d9bqGc\tGur Nanak Satgur Tutha / Bhai Kamaljeet Singh Ji / Punjabi , English lyrics & Meaning / Gurbani / 4K
Z7MuoLFO6Vg\tNanak Andha Hoye Kei / Bhai Sarabjit Singh Ji / Punjabi,English lyrics & Meaning / Gurbani / 4K
ccC2xo7ykuI\tSun Mun Nagri Bhai / Bhai Nirmal  Singh Ji / Punjabi & English Meaning / Shabad Gurbani / 4K
QYE1B8nzUvc\tUcha Dar Babe Nanak Da | Gurdas Maan | Punjabi , English Lyrics & Meaning | Shabad Gurbani / 4K
1sQXXf4zjqI\tJagat Guru Baba / Bhai Harjinder Singh Ji / Punjabi & English Meaning / Shabad Gurbani / 4K
MnOwHCLQVX0\tKaltaran Guru Nanak Aaya / Bhai Harjinder Singh Ji / Punjabi,English Meaning / Shabad Gurbani / 4K
I4KL43DRzbY\tBhee Ter Keemat Na Pave / Bhai Harjinder Singh Ji / Punjabi,English lyrics & Meaning Gurbani / 4K
tEJEchyb4Nc\tBhee Teri Keemat Na Pave(Sabad Intro) / Bhai Harjinder Singh Ji Srinagar wale / 4k
7s3nvhhpazk\tDhan Dhan Ramdas Gur / Dr.Satinder Sartaj / Punjabi , English Lyrics & Meaning / Shabad Gurbani / 4k
hocF939FNqg\tAaye Mil Gursikh / Bhai Dalbir Singh Ji / Punjabi,English lyrics & Meaning / Shabad Gurbani / 4K
7S6-OqE_sCk\tKeo Chuto Ka Tarau / Bhai Harjinder Singh Ji / Punjabi,English lyrics & Meaning / Gurbani / 4K Video
eAW2jmFCXto\tKisno Kahiye Nanka / Bhai Ravinder Singh Ji / Punjabi,English Lyrics & Meaning / Shabad Gurbani / 4K
kQRvwi5MwwA\tCharan Kamal Tere Dhoye Dhoye Peeva / Bhai Harjinder Singh / Punjabi,English lyrics & Meaning / 4K
C2ZLGpJvyt8\tSodhi Patshah / Bhai Harnam Singh Ji / Punjabi lyrics & Punjabi,English Meaning / Gurbani / 4K
SVYKFGFf-bQ\tAap Nitanea Taan Hai / Bhai Ravinder Singh Ji / Punjabi,English lyrics & Meaning / Gurbani / 4K
1FXq-wbbCvA\tGur Ramdas Raakho Sarnai  / Bhai Ravinder Singh Ji / Punjabi,English Lyrics & Meaning / Gurbani / 4K
fZ51vOiUtWY\tSada Rangeela Lal Piyara / Bhai Surinder Singh Ji Jodhpuri / Punjabi , English lyrics & Meaning / 4K
BgDKyU28-Xk\tKaljug Babe Tareya / Bhai Harjinder Singh Ji / Punjabi,English Meaning / Shabad Gurbani / 4K
B9bOU5pq1cs\tKoi Bole Ram Ram / Bhai Harvinder & Satvinder Singh Ji / Punjabi , English lyrics & Meaning / 4K
8WiZC_koNYg\tMil Peevo Bhai / Bhai Ravinder Singh Ji / Punjabi , English Lyrics & Meaning / Gurbani / 4K Video
WKL0BsqW2KA\tWaheguru / Bhai Ravinder Singh Ji / Punjabi , English Lyrics & Meaning / Shabad Gurbani / 4K Video
ZvdLcEi4Fgw\tJe Tu Mittar Asadrra / Bhai Ravinder Singh Ji / Punjabi , English Lyrics & Meaning / Gurbani / 4k
k2PAB35pD-0\tEk Pita Ekas Ke Hum Barak / Bhai Harjinder Singh / Punjabi , English Lyrics & Meaning / Gurbani / 4k
lDF65GJjuXQ\tShabad Jithi Sidh Mandli / Bhai Harjinder Singh Ji / Punjabi,English Meaning / Shabad Gurbani / 4K
LlJHrNIZwoo\tJithe Baba Pair Dhare / Bhai Harjinder Singh Ji/Punjabi,English lyrics& Meaning/Shabad Gurbani/4K
IPKsBddaEpI\tHum Eh Kaaj Jagat Mo Aaye / Bhai Harjinder Singh Ji / Punjabi lyrics & Meaning / Shabad Gurbani / 4K
iwR1SKA6Sw0\tHum Eh Kaaj Jagat Mo Aaye / Bhai Harjinder Singh Ji / English lyrics & Meaning / Shabad Gurbani / 4K
t6satJRcpzo\tGur Nanak Meri Paej Sawaari / Bhai Kamaljeet Singh Ji / Punjabi , English Lyrics & Meaning / 4K
qkAN9QuvUBc\tSadho Gobind Ke Gun Gavao / Bhai Kamaljeet Singh Ji / Punjabi , English Lyrics & Meaning / 4K
IMzZWpI_Pcg\tMan Gur Mil Kaaj Savaare / Bhai Harjinder Singh / Punjabi , English Lyrics & Meaning / Gurbani / 4k
7kqySTvgw9k\tAe Man Chanchla Chaturaee Kine Na payaa / Bhai Harjinder Singh / Punjabi , English Lyrics & Meaning
_d4ysqLbH_4\tKirpa Karo Din Ke Daate / Bhai Kamaljeet Singh Ji / Punjabi ,English Lyrics & Meaning / Gurbani / 4K
Z8RbmXAp4eI\tMain Garib Sach Tek Toon / Bhai Kamaljeet Singh Ji / Punjabi , English Lyrics & Meaning / 4K
SMTwC0qj6mE\tJis Neech Ko Koi Na Jane / Bhai Harjinder Singh / Punjabi , English Lyrics & Meaning / Gurbani / 4k
Sdd5ZKMf4D0\tKab Gal Lawege / Bhai Harjinder Singh Ji / Punjabi , English Lyrics & Meaning / Shabad Gurbani / 4k
4NcnaOqXpUs\tSun Shabad Tumara / Bhai Harjinder Singh / Punjabi , English Lyrics & Meaning / Shabad Gurbani / 4k
963QA4hnyDI\tSacha Sahib Sach Niao / Bhai AmarJeet Singh Taan / Punjabi , English Lyrics & Meaning / Gurbani / 4k
LFavuedE1hM\tLogan Ram Khilona Jaana / Bhai Sarabjit  Singh / Punjabi , English Lyrics & Meaning / Gurbani / 4k
673Z44Nr358\tRaj Leela Tere Naam Banaaee / Bhai Kamaljeet Singh Ji / Punjabi , English Lyrics & Meaning / 4K
GD7gD2-tyhc\tBeet Jaihai Beet Jaihai Janam Akaaj Rae / Bhai Kamaljeet Singh / Punjabi , English Lyrics & Meaning
1V_rKg772SQ\tAisi Preet Karo / Bhai Sarabjit Singh Ji / Punjabi , English Lyrics & Meaning / Shabd Gurbani / 4K
XCUXODhuQhk\tJaikar Kiyo Dharmiya Ka / Bhai Sarabjit Singh Ji / Punjabi , English Lyrics & Meaning / Gurbani / 4K
wx8Z2kEVODk\tAaj More Aaye Hain/Bhai Mehtab Singh Ji  / Punjabi , English Lyrics & English Meaning / Gurbani / 4k
mPoqM0fSGAo\tSewak Ki Odak Nibhi Preet/ Bhai Harjinder Singh / Punjabi , English Lyrics & Meaning / Gurbani / 4k
0-gIzEhec2c\tJin Ki Chole Ratrhe Pyare / Bhai Chamanjit Singh Ji  / Punjabi , English Lyrics & Meaning / 4k Video
apxzCY_9sX4\tSatgur Kai Bhane Chal / Bhai Harjinder Singh Ji / Punjabi , English Lyrics & Meaning / Gurbani / 4k
j9B_N32W6dY\tAb Kallu Aayo Re/Bhai Harjinder Singh Ji/Punjabi,English lyrics& Meaning/Shabad Gurbani/4K
nv_B1xjT_zQ\tAnand Bhaya Sukh Paaya/Bhai Harjinder Singh Ji/Punjabi,English lyrics& Meaning/Shabad Gurbani/4K
l4wfEzS8460\t9.Waheguru / Bhai Harjinder Singh Ji / Punjabi , English Lyrics & Meaning / Shabad Gurbani / 4k
tmhPkkdxIQM\t8.Anand Sahib / Bhai Harjinder Singh Ji / Punjabi , English Lyrics & Meaning / Shabad Gurbani / 4k
MWqQ7J54Eh0\t7.Lavaan (Anand Kaaraj) / Bhai Harjinder Singh Ji / Punjabi , English Lyrics & Meaning / Gurbani
22CwEagtPD8\tHau Aaya Duron Chal Ke / Bhai Harjinder SinghJi / Punjabi , English Lyrics & Meaning / Gurbani / 4K
CYPTD7XZ-T8\t6.Palle Teinde Laagi / Bhai Harjinder Singh Ji / Punjabi , English Lyrics & Meaning / Gurbani / 4k
4yNB84v-ZTE\t5.Keeta Lorhiye Kam Su / Bhai Harjinder Singh Ji / Punjabi , English Lyrics & Meaning / Gurbani / 4k
fE3YJ8S-6dU\t4.Saajan Aaye Vuthey Ghar Maahi / Bhai Harjinder Singh Ji / Punjabi , English Lyrics & Meaning / 4k
I4--y7JE1RY\t3.Har Prabh Mere Babla / Bhai Harjinder Singh Ji / Punjabi , English Lyrics & Meaning / Gurbani / 4k
TVhMG04ge1Q\t2.Kavan Bani Ri Teri Laali / Bhai Harjinder Singh Ji / Punjabi , English Lyrics & Meaning / 4k Video
LrEMcYTFy4k\t1.Commentry/Bhai Pinderpal Singh Ji (Ludhiane Wale)/Anand Karaj/Shabad Gurbani/4k
mw6kCQRlTOE\tDeen Dayal Bharose Tere / Bhai Sarabjit Singh Ji / Punjabi , English Lyrics & Meaning / Gurbani / 4K
QhjvTKuZmek\tAb Tab Jab Kab Tuhi Tuhi / Bhai Satvinder & Harvinder Singh Ji / Punjabi , English Lyrics & Meaning
LtTZW0kH4lM\tApne Karam Ki Gatt Main Kya Jaanu / Bhai Harjinder Singh / Punjabi , English Lyrics & Meaning / 4k
dc5mCTCpOFI\tPawne Mein Pawan Samaya / Bhai Ravinder Singh Ji / Punjabi , English Lyrics & Meaning / Gurbani / 4k
cmqz68ri4To\tAb Hum Chali Thakur Peh Haar / Bhai Satvinder & Harvinder Singh / Punjabi , English Lyrics & Meaning
98jqVsrXsyw\tNirgun Raakh Lia / Bhai Niranjan Singh Ji / Punjabi , English Lyrics & Meaning / Shabad Gurbani / 4k
iiKErxqyguA\tPrabh Dori Haath Tumare / Bhai Jaswant Singh Ji / Punjabi , English Lyrics & Meaning / Gurbani / 4k
Y47D0gImtrY\tGur Bin Ghor Andhar / Bhai Sarabjit Singh Ji / Punjabi , English Lyrics & Meaning / Gurbani / 4K
QYagDjqVxqI\tE Man Harji Dhaiaye / Bhai Sarabjit  Singh Ji / Punjabi , English Lyrics & Meaning / Gurbani / 4k
j37GFK6e_jI\tEh Janam Tumare Lekhe / Sant Anoop  Singh Ji / Punjabi , English Lyrics & Meaning / Shabad Gurbani
1hpn6cgdlQY\tJaha Dane Taha Khane / Bhai Jabartor Singh Ji / Punjabi , English Lyrics & Meaning / Gurbani / 4k
DlkVyGz3qs4\tMai Machhli Kaise Ant Laha / Bhai Manpreet Singh / Punjabi , English Lyrics & Meaning / Gurbani / 4k
BLEY-ZLp7mg\tMain Daseho Maarag Santoh / Bhai Harjinder Singh / Punjabi , English Lyrics & Meaning / Gurbani / 4k
RlSMb_6U_yk\tDeho Daras Sukhdateya / Bhai Harjinder Singh Ji / Punjabi , English Lyrics & Meaning / Gurbani / 4K
gEAUvcycqlg\tSalok Sheikh  Fareed Ke / Bhai Parminder Singh Ji / Punjabi , English Lyrics & Meaning / Gurbani /4k
lyTtxeG_8mw\tAavoh Sajna / Bhai Lakhwinder Singh Ji / Punjabi , English Lyrics & Meaning / Shabad Gurbani / 4K
tL_PSTLrdR4\tSantoh Raam Naam Nistariye / Bhai Sarabjit Singh / Punjabi , English Lyrics & Meaning / Gurbani / 4k
2jiFzXl80Y4\tSatgur Purakh Amritsar Wadbhaagi Naveh / Bhai Harcharan Singh / Punjabi , English Lyrics & Meaning
xFDvrNAfEEc\tTu Chit Aaveh Teri Mayaa / Bhai Kamaljeet Singh / Punjabi , English Lyrics & Meaning / Gurbani / 4k
lGi9DXWA9mE\tPrem Pataola Tae Sae Dita / Bhai Kamaljeet Singh Ji / Punjabi , English Lyrics & Meaning / 4K Video
8CubALCgfH0\tToh Main Aaya / Bhai Lakhwinder Singh Ji / Punjabi , English Lyrics & Meaning / Shabad Gurbani / 4k
tWturko7zUo\tMan Pardesi Je Thiye / Bhai Harjinder Singh Ji / Punjabi , English Lyrics & Meaning / Gurbani / 4k
_4y_xUggR7g\tNadi Tarandadi / Bhai Kamaljeet Singh Ji / Punjabi , English Lyrics & Meaning / Shabad Gurbani / 4K
9hj8uByWUS0\tNak Nath Khasam Hath / Bhai Kamaljeet Singh Ji / Punjabi , English Lyrics & Meaning / Gurbani/ 4K
C0DuZ6y_SJ4\tSatgur Bachan Tumhare / Bhai Sarabjit Singh Ji / Punjabi , English Lyrics & Meaning / Gurbani / 4k
VOAOUSIePjk\tHum Aadmi Haan Ik Dami / Bhai Harjinder Singh Ji / Punjabi , English Lyrics & Meaning / Gurbani / 4k
dohgEGhqhHA\tWaho Waho Gobind Singh/Bhai Harjinder Singh Ji/English Meaning/Shabad Gurbani/4K
-E3tL337nVk\tJap Man Mere Gobind Ko Baani / Bhai Lakhwinder Singh Ji / Punjabi , English Lyrics & Meaning / 4K
3f_1sXaA2dQ\tWaho Waho Gobind Singh/Bhai Harjinder Singh Ji/Punjabi Meaning/Shabad Gurbani/4K
w8lyBizkFic\tJo Hoye Maran Parvaan / Bhai Lakhwinder Singh Ji / Punjabi , English Lyrics & / Shabad Gurbani / 4k
qrD7GezLa10\tPatit Pavit Bhaye Raam Kehat Hi / Bhai Kamaljeet Singh Ji / Punjabi , English Lyrics & Meaning / 4K
tNJRIkGe4QU\tGobind Pragatya / Bhai Kamaljeet Singh Ji / Punjabi , English Lyrics & Meaning / Shabad Gurbani / 4K
1Uos_PKVeus\tRain Gawayee Soye Ke / Bhai Harjinder Singh Ji / Punjabi , English Lyrics & Meaning / Gurbani / 4k
WIoEcOlu9oA\tMil Mere Preetma Jeeo / Hans Raj Hans / Punjabi , English Lyrics & Meaning / Shabad Gurbani / 4k
eDQqttJhovk\tTu Beant Ko Virla Jaane / Bhai Kamaljeet Singh Ji / Punjabi , English Lyrics & Meaning / 4k Video
e_w_pdrzLUA\tGru Jaisa Nahi Ko Dev / Hans Raj Hans / Punjabi , English Lyrics & Meaning / Shabad Gurbani / 4k
QyJTReZCbYg\tWadda Mera Govind / Hans Raj Hans / Punjabi , English Lyrics & Meaning / Shabad Gurbani / 4k Video
ICC_FmhWjK4\tSabh Ko Tere Vas Agam Agochara / Bhai Kamaljeet Singh Ji / Punjabi , English Lyrics & Meaning / 4K
sZImD1VF5xA\tSunoh Benanti Thakur Mere / Bhai Kamaljeet Singh Ji / Punjabi , English Lyrics & Meaning / 4K Video
gqrJjIBAF20\tJhim Jhim Varsey Amrit Dhara / Punjabi , English Lyrics & Meaning / Shabad Gurbani / 4k Video
m9oQ8f0VGIg\tKabeer Tu Tu Karta / Bhai Harjinder Singh Ji / Punjabi , English Lyrics & Meaning / Gurbani / 4k
wFRDgk5gECE\tSabh Main Sachaa Eko Soaee / Bhai Kamaljeet Singh Ji / Punjabi , English Lyrics & Meaning / 4K Video
qZ27QaEVIkw\tFarida Bure Da Bhala Kar / Bhai Gurdav Singh Ji / Punjabi , English Lyrics & Meaning /  Gurbani / 4k
r9_u10t105s\tMukat Bhugat Jugat Teri Seva / Bhai Kamaljeet Singh Ji / Punjabi , English Lyrics & Meaning / 4K
PLPWslx9OZk\tOoch Apaar Beant Swami / Bhai Harjinder Singh / Punjabi , English Lyrics & Meaning /  Gurbani / 4k
y2GgVh_1Gdc\tAisi Kirpa Mohe Karo / Bhai Harjinder Singh Ji / Punjabi , English Lyrics & Meaning / Gurbani / 4k
kEBzxWp_uR8\tGur Ka Bachan Basai / Bhai Harjinder Singh Ji / Punjabi , English Lyrics & Meaning / Gurbani / 4k
k87nJM6JzLU\tSafal Darshan kad Pavo / Bhai Kamaljeet Singh Ji / Punjabi , English Lyrics & Meaning / Gurbani / 4K
Zaye4QvAUlY\tMain Chaare Kunda Bhaaliyaan / Bhai Ravinder Singh Ji / Punjabi , English Lyrics & Meaning / 4K
pJU3uzqm4LU\tGallin Jog Na Hoye / Bhai Harjinder Singh Ji / Punjabi , English Lyrics & Meaning / Gurbani / 4k
9Btrd4llsVE\tGur Bin Ghor Andhar / Bhai Satvinder Singh Ji / Punjabi , English Lyrics & Meaning / Gurbani / 4k
U_QAX82sZjs\tChal Sakhiye / Bhai Harjinder Singh Ji / Punjabi , English Lyrics & Meaning / Shabad Gurbani / 4k
BerSNNuApV4\tKawal Nain Mathur Bain / Bhai Harjinder Singh Ji / Punjabi , English Lyrics & Meaning / Gurbani / 4k
A58ZMFYMb6c\tBirha / Bhai Harjinder Singh Ji / Punjabi , English Lyrics & Meaning / Shabad Gurbani / 4k Video
-av88baf-QU\tDarshan Dijiye Khol Kiwar / Bhai Gopal Singh Ji Ragi / Punjabi , English Lyrics & Meaning / 4k Video
TwlIhnftWnY\tNit Japiyei Saas Giraas / Bhai Ravinder Singh Ji / Punjabi , English Lyrics & Meaning / Gurbani / 4K
wsYhkv96amA\tBande Khoj Dil / Bhai Harjinder Singh Ji / Punjabi , English Lyrics & Meaning / Shabad Gurbani / 4k
dkc-CKdfU3I\tBande Khoj Dil (Shabad Introduction)/Bhai Harjinder Singh Ji/Punjabi Meaning/Shabad Gurbani/4K
Q688fFcq_yY\tRahiyo Sant Hown Toal / Bhai Harjinder Singh Ji / Punjabi , English Lyrics & Meaning / Gurbani / 4k
YJzFODee-K8\tTu Samrath Wadda / Bhai Harjinder Singh / Punjabi , English Lyrics & Meaning / Shabad Gurbani / 4k
2CTiT1wKrvg\tDubidha Door Karho / Bhai Harjinder Singh Ji / Punjabi , English Lyrics & Meaning / Gurbani / 4k
WRSGaPk4aT8\tBaikunth Nagar / Bhai Davinder Singh Ji Sodhi / Punjabi , English Lyrics & Meaning / Gurbani / 4k
bBSA83TX8xA\tMan Kyun Bairaag / Bhai Davinder Singh Ji Sodhi / Punjabi , English Lyrics & Meaning / Gurbani / 4k
qojQCWMTtxk\tJaise Jal Te Budbuda / Jagjit Singh / Punjabi , English Lyrics & Meaning / Shabad Gurbani / 4k Video
nhJ7EPb_CoQ\tSalok Mahalla Nauvan 9 / Bhai Harjinder Singh Ji / Punjabi , English Lyrics & Meaning / Gurbani / 4k
yemllXEFKwQ\tAavan Jaan Ek Khel Banaya / Bhai Sandeep Singh Ji / Punjabi , English Lyrics & Meaning / 4K Video
v5CVn_fLtPY\tJis da Karta Mitar Sab Kaj Swareya / Bhai Karnail Singh Ji / Punjabi , English Lyrics & Meaning / 4K
bh8wcPA9vnY\tAukhi Ghadi Na Dekhan Deyi / Bhai Ravinder Singh Ji / Punjabi , English Lyrics & Meaning / 4k Video
Bxiq9zI7eAg\tMera Sunder Swami Ji / Bhai Ravinder Singh Ji / Punjabi , English Lyrics & Meaning / Gurbani / 4k
VmHC85_AQKY\tAao Ji Aao Hamaare / Bhai Kamaljeet Singh Ji / Punjabi , English Lyrics & Meaning / Gurbani / 4K
0RChrVjvw-8\tSun Yaar Hamare Sajan / Bhai Sarabjit Singh Ji / Punjabi , English Lyrics & Meaning / Gurbani / 4K
YC0P3ZGg4Z4\tHum Kookar Tere Darbar / Bhai Sarabjit Singh Ji / Punjabi , English Lyrics & Meaning / 4K Video
Yfg4GMJeZYU\tWaheguru Jaap / Bhai Ranjit Singh Ji Khalsa Dharianwale / Punjabi , English Lyrics & Meaning / 4k
Ku_hzfetQBw\tSa Rasana Dhan Dhan Hai / Bhai Tarbalbir Singh Ji / Punjabi , English Lyrics & Meaning / 4K Video
Dw2NKL0w4iA\tSukh Tera Dita Lahiye / Bhai Sarabjit Singh Ji / Punjabi , English Lyrics & Meaning / Gurbani / 4k
e6-x2-3KA7U\tBhale Se Vanjare / Bhai Baldev Singh Bulandpuri / Punjabi , English Lyrics & Meaning / Gurbani / 4k
aulLrYpIWOU\tMero Gur Rakhwaro Meet / Bhai Shokeen Singh Ji / Punjabi , English Lyrics & Meaning / Gurbani / 4k
QlrRklt43pE\tTu Beant / Bhai Kamaljeet Singh Ji / Punjabi , English Lyrics & Meaning / Shabad Gurbani / 4k Video
4zmAYBR0EdY\tkar kirpa vasoh mere Hirday / Harjinder & Niranjan Singh / Punjabi , English Lyrics & Meaning / 4k
JfQxz-FyySE\tMaula Khel Kare Sabh Aape / Bhai Sarabjit Singh Ji / Punjabi , English Lyrics & Meaning / 4K Video
8zj-nyiEhgQ\tBhoopan Ke Bhoop Ho / Bhai Lakhwinder Singh Ji / Shabad Gurbani / English Meaning / 4K
CaM2uvZa-X8\tBhoopan Ke Bhoop Ho/Bhai Lakhwinder Singh Ji / Shabad Gurbani/Punjabi Meaning/4K
COLVa8W1VMo\tRaati Jaye Sune Gurbani / Bhai Sarabjit Singh Ji / Punjabi , English Lyrics & Meaning / Gurbani / 4k
P1feZbHH7nc\tMera Mujh Meh Kichh Nahin / Bhai Sarabjit Singh Ji / Punjabi , English Lyrics & Meaning / 4K Video
7Pr0tDAZ5Xc\tHar Ji Aaye Chhad Singhasan Har Ji Aaye / Bhai Sarabjit Singh / Punjabi , English Lyrics & Meaning
gyBBplEWAps\tKaya Soche Baram Bara / Bhai Sarabjit Singh Ji / Punjabi , English Lyrics & Meaning / Gurbani / 4k
M6jqxkx19KE\tSaache Sahiba Kya Naahin Ghar Tere / Bhai Harjinder Singh / Punjabi , English Lyrics & Meaning / 4k
zrIf0fhNnuE\tLakh Khushian Patshahian / Bhai Harjinder Singh Ji / Punjabi , English Lyrics & Meaning / 4K Video
gldVt81t_-4\tDhan So Vela Jit Darshan Karna / Bhai Dalbir Singh / Punjabi , English Lyrics & Meaning / 4K Video
15DdEoPsFGU\tJee Re Ola Naam Ka / Bhai Jarnail Singh / Punjabi , English Lyrics & Meaning / Shabad Gurbani / 4k
FVQfYfNP-JM\tChoji Mere Govinda / Harjinder & Niranjan Singh Ji / Punjabi , English Lyrics & Meaning / 4k Video
Po0VQ4l8Dwo\tKoi Koi Sajaan Aaye / Bhai Niranjan Singh Ji / Punjabi , English Lyrics & Meaning / Gurbani / 4k
YHkgtxPxqdc\tAb Gur Ramdas Ko / Chardikala Jatha / Punjabi , English Lyrics & Meaning / Shabad Gurbani / 4k Video
ccgV1JxS9Q8\tSo Satgur Pyara / Bhai Lakhwinder Singh / Punjabi , English Lyrics & Meaning / Shabad Gurbani / 4k
fLLT9sg9DOc\tSadho Rachna Raam Banayi / Chardikala Jatha / Punjabi , English Lyrics & Meaning / Gurbani / 4k
_QPe2wtGz2k\tKar Bande Tu Bandgi / Nirmal Singh Khalsa / Punjabi , English Lyrics & Meaning / Shabad Gurbani / 4k
QmtpZXkq-EQ\tHau Papi Tu Bakhshanhar / Bhai Gurkirat Singh Ji / Punjabi , English Lyrics & Meaning / Gurbani / 4k
O5rpyPowSLA\tKutta Raaj Bahaliyai / Bhai Harcharan Singh Ji Khalsa / Punjabi , English Lyrics & Meaning / 4k
M-daKT0DIVw\tRaaje Paap Kamavde / Bhai Harcharan Singh Ji Khalsa / Punjabi , English Lyrics & Meaning / 4k Video
EuUNT9gqh24\tSatgur Hoe Dayal / Hans Raj Hans / Punjabi , English Lyrics & Meaning / Shabad Gurbani / 4k Video
9OC75SSIb0I\tAapni Kheti Rakh Lai / Bhai Nirmal  Singh Ji / Punjabi , English Lyrics & Meaning / Gurbani / 4k
SLdT44F-pKs\tBighan Na Kou Laagta / Bhai Nirmal  Singh Ji / Punjabi , English Lyrics & Meaning / Gurbani / 4k
hrBR58HEc0U\tNaavan Challe Teerthi / Bhai Harjinder  Singh Ji / Punjabi , English Lyrics & Meaning / Gurbani / 4k
C1kZTXMcW9A\tPaan Karth Paaiyu / Bhai Maninder  Singh / Punjabi , English Lyrics & Meaning / Shabad Gurbani / 4k
4Z5OGw9xgmk\tVich Karta Purakh Khaloa / Bhai Kuldeep  Singh / Punjabi , English Lyrics & Meaning / Gurbani / 4k
VFHWaopicJo\tNaam Maharas Pio / Bhai Gurdav Singh Ji / Punjabi , English Lyrics & Meaning / Shabad Gurbani / 4k
-b-rC56m9cw\tKarta Tu Sabna Ka Soi (Babar Bani) | Bhai Sarabjit Singh | Punjabi , English Lyrics & Meaning | 4k
GZxGunEXahw\tJaisi Mein Aavei Khasam Ki Baani (Babar Bani) | Bhai Sarabjit Singh Ji | Punjabi , English Meaning
jf4ogaxSJnw\tAades Baba Aaddes (Babar Bani) | Bhai Sarabjit Singh Ji | Punjabi , English Lyrics & Meaning | 4k
N9NPGczlly8\tEh Jag Tera Tu Gosai (Babar Bani) | Bhai Sarabjit Singh Ji | Punjabi , English Lyrics & Meaning | 4k
hKsM5Uf0DI8\tSagal Bhawan Ke Naika / Bhai Rai Singh Ji / Punjabi , English Lyrics & Meaning / Gurbani / 4k
3iP3tZQcFH4\tKaaran Karta Jo Kare / Bhai Sarabjit Singh Ji / Punjabi , English Lyrics & Meaning / Gurbani / 4k
Y1Np7YJWN3w\tJo Maangeh Thakur Apne Te / Bhai Surinder Singh / Punjabi , English Lyrics & Meaning / Gurbani / 4k
IeqsPVJIa_A\tSagle Dukh Jaye / Bhai Gurdev Singh Ji / Punjabi , English Lyrics & Meaning / Shabad Gurbani / 4k
RM_AA82J9o8\tKabir Meri Simrane / Bhai Sarabjit Singh Ji / Punjabi , English Lyrics & Meaning / Gurbani / 4k
W1eeXGAKY_c\tKaho Pandit Sucha Kawan / Bhai Harjinder Singh / Punjabi , English Lyrics & Meaning / Gurbani / 4k
3f7lL4JG5ok\tAmritsar Satgur Satwadi / Bhai Dalbir Singh Ji / Punjabi , English Lyrics & Meaning / Gurbani / 4k
FmuVpTyy7XM\tAage Sukh Mere Meeta / Bhai Jagtar Singh Ji / Punjabi , English Lyrics & Meaning / Gurbani / 4k
LgLw94K_wPk\tSuno Binantiya Swami Mere Ram / Bhai Dalbir Singh Ji / Punjabi , English Lyrics & Meaning / 4k Video
Bf9T9xTpXNs\tTu Mera Rakha Sabhni Thai / Bhai Gagandeep Singh / Punjabi , English Lyrics & Meaning / Gurbani / 4k
J0j_Sgq9k7w\tMera Pyara Pritam / Bhai Davinder Singh / Punjabi , English Lyrics & Meaning / Shabad Gurbani / 4k
JDaYACOTCus\tHum Rulte Phirte / Bhai Davinder Singh Ji Sodhi / Punjabi , English Lyrics & Meaning / Gurbani / 4k
KN4Lz2nJEdA\tBhalo Bhalo Re Kirtaniyan / Bhai Davinder Singh / Punjabi , English Lyrics & Meaning / Gurbani / 4k
CzlJj3U-Ibc\tHoye Nimana Jag Rehho / Bhai Niranjan Singh Ji / Punjabi , English Lyrics & Meaning / Gurbani / 4k
GQ8klRKI8o0\tAb Tab Jab Kab Tuhi Tuhi / Bhai Niranjan Singh Ji / Punjabi , English Lyrics & Meaning / 4k Video
E3l6Mgi31LI\tMan Preet Charan / Bhai Subeg Singh & Shahbaz Singh / Punjabi , English Lyrics & Meaning / 4k Video
5yFPgq1ZUdY\tBaani Guru Guru Hai Baani / Bhai Harjinder Singh Ji / Punjabi , English Lyrics & Meaning / 4k Video
WzEZY8oiutI\tFarida Dariave Kanne Bagula / Bhai Ravindar Singh Ji / Punjabi , English Lyrics & Meaning / 4k Video
fSp9db2eOqE\tSamrath Guru Sir Hath Dhareyo / Bhai Ravindar Singh Ji / Punjabi , English Lyrics & Meaning / 4k
yIBUG8LbDhY\tSanta Ke Karaj Aap Khaloya / Bhai Ravindar Singh Ji / Punjabi , English Lyrics & Meaning / 4k Video
zgIjo0BFhZ8\tGopal Tera Aarta / Bhai Harjinder Singh Ji / Punjabi , English Lyrics & Meaning / Gurbani / 4k Video
ZjHpgnhZiIY\tWaheguru Ji Waheguru Seeking For Blessing / Bhai Niranjan Singh / Punjabi , English Lyrics & Meaning
2OZWkfTzAk8\tWaheguru I Raag Asa Soothing For Morning / Bhai Niranjan Singh / Punjabi , English Lyrics & Meaning
ANJkeUp9LoU\tWaheguru Instrumental / Bhai Niranjan Singh Ji / Punjabi , English Lyrics & Meaning / Gurbani / 4k
PCMRDkOJBUs\tWaheguru Family Prayer / Bhai Niranjan Singh Ji / Punjabi , English Lyrics & Meaning / Gurbani / 4k
JP96Fk0Id3I\tWaheguru Expressing Love / Bhai Niranjan Singh / Punjabi , English Lyrics & Meaning / Gurbani / 4k
OFRukZEyEJc\tGurmukh Janam Sawar Dargha Chaliya / Bhai Nirmal Singh Ji / Punjabi , English Lyrics & Meaning / 4k
cTG6JPOJgVM\tAayo Sunan Padhan Ko Baani / Bhai TarBalbir Singh Ji / Punjabi , English Lyrics & Meaning / 4k Video
jNfQ9rLKBkU\tOhla / Bhai Harjinder Singh Ji / Punjabi , English Lyrics & Meaning / Shabad Gurbani / 4k Video
yaLoA0SrMtM\tOye Saajan Oye Meet Pyare / Bhai Harjinder Singh Ji / Punjabi , English Lyrics & Meaning / 4k
2lWwPfdArnA\tMaati Ko Putra / Bhai Maninder Singh Ji / Gurbani / Eng translation And Eng + Pbi Meaning / 4k
MbOhQgtd-Qo\tTu Saajan Tu Preetam Mera / Bhai Harcharan Singh Ji Khalsa / Punjabi , English Lyrics & Meaning / 4k
i_bUi6EnDnI\tHar Ji Mata Har Ji Pita / Bhai Harjinder Singh / Gurbani /Punjabi , English lyrics & Meaning / 4k
8xDOyzWVYb0\tVade Mere Sahiba / Bhai Satvinder Singh & Harvinder Singh / Punjabi , English Lyrics & Meaning / 4k
b63cccsZoYM\tKou Har Samaan Nahi Raja / Bhai Harjinder Singh Ji / Punjabi , English Lyrics & Meaning / 4k Video
agOQe3fu_uQ\tSatgur Tumre Kaaj Saware / Ishmeet Singh / Punjabi , English Lyrics & Meaning / Shabad Gurbani / 4k
cjCPfhMpZJI\tSanta Naal Vair Kumavde / Bhai Lakhwinder Singh Ji / Punjabi , English Lyrics & Meaning / 4k Video
0IJFyP8BWv0\tBabiha Amrit Vele Boleya / Chardikala Jatha / Punjabi , English Lyrics & Meaning / Gurbani / 4k
juFYH6fEHiE\tDITHEY SABHE THAV NAHIN TUDH JEHEYA/Bhai Lakhwinder Singh/Eng translation And Eng+Pbi Meaning/4K UHD
oAEmIHFaJg0\tPichhale Avgun Baksh / Bhai Nirmal Singh Nagpuri / Punjabi , English Lyrics & Meaning / Gurbani / 4k
bUYIHORe7YQ\tIk Til Nahi Visrey / Bhai Manpreet Singh / Punjabi , English Lyrics & Meaning / Shabad Gurbani / 4K
rYiUMqgYoN8\tKinka Ek Kinka - Bhai Mehtab Singh Jalandhar Wale - English and Punjabi  Meaning - Full HD
_l9FhmKtFVM\tMool Manter (Path)With English translation And English + Punjabi Meaning / 4k (UHD)
ftPPkPsL0OY\tRam Simar Ram Simar /Jagjit Singh / Punjabi , English Lyrics & Meaning / Shabad Gurbani / 4k Video
s6SL0vdYZxw\tHAU PAPPI TU BAKSHANHAR / Bhai Gurkirat Singh / Punjabi , English Lyrics & Meaning / Gurbani / 4k
r1f7PKNebPM\tSajjan Mere Rangle / Bhai Ravinder Singh / Punjabi , English Lyrics & Meaning / Shabad Gurbani / 4k
3RzmseU2Ogk\tSun Sun Jeeva Teri Bani / Bhai Nirmal Singh Ji Khalsa / Punjabi , English Lyrics & Meaning / 4k
kBcHY9ccFZQ\tTu Kahe Dole Praniya / Malkit Singh / Punjabi , English Lyrics & Meaning / Shabad Gurbani / 4k Video
ldBz6566ky4\tJis No Teri Nadar / Bhai Lakhwinder Singh Ji / Punjabi , English Lyrics & Meaning / Gurbani / HD
ZMwVW3e_8rI\tJaani Jaani Re Raja Ram Ki Kahani / Bhai Harcharan Singh / Punjabi , English Lyrics & Meaning / HD
93wzzRJpwlE\tSatsangat Miley So Tareya / Bhai Harjinder Singh Ji /  Punjabi , English Lyrics & Meaning / HD
I4OBX5lFbhM\tMehma Sadhu Sang Kee/Bhai Harjinder Singh/HD/With English translation And English + Punjabi Meaning
PFC-OvITWiI\tKanthe Mala Jihva Ram / Bhai Srabjit Singh Ji / Punjabi , English Lyrics & Meaning / Gurbani / HD
mDzPpTw4ydk\tDhur Ki Bani / Jagjit Singh / Punjabi , English Lyrics & Meaning / Shabad Gurbani / Full HD Video
LbF8m2LIeTo\tPartap Tumhra Dekh Ke / Bhai Davinder Singh Ji Sodhi / Punjabi , English Lyrics & Meaning / HD
d9aN4kOrvNo\tSukh Na Naam Bin / Bhai Harjinder Singh / Punjabi , English Lyrics & Meaning / Shabad Gurbani / HD
Fg3cgDZkZo8\tJeon Jeon Nama Har Gun / Bhai Harjinder Singh Ji / Punjabi , English Lyrics & Meaning / Gurbani / HD
2seEme_NxHk\tBaba Maya Saath Na Hoye / Bhai Jasbiir Singh Ji / Punjabi , English Lyrics & Meaning / Gurbani / HD
zq2pY55GRcs\tDiwali Di Raat / Sant Anoop Singh Ji / Punjabi , English Lyrics & Meaning / Shabad Gurbani / HD
tWKGmL9FK5k\tMera Baid Guru Govinda/Jatinder Singh(UK Wale)//HD///English translation And English+Punjabi Meaning
RgncYjvlaRA\tGur Pure Mere Rakh/Bhai Ravinder Singh Ji//HD///English translation And English+Punjabi Meaning
tsI6Szk13hA\tTu Data Datar / Bhai Jaswant Singh Ji Kapurthale Wale / Punjabi , English Lyrics & Meaning / HD
6EZKBplL9_U\tHai Koi RamPyaro Gave / Bhai Gagandeep Singh Ji / Punjabi , English Lyrics & Meaning / Gurbani / HD
E7HO8PhHuEg\tTatti Vao Na Lagaee / Bhai Harjinder Singh Ji / Punjabi , English Lyrics & Meaning / Gurbani / HD
t6xMAoK1LKA\tMoula Khel Kare / Bhai Sarabjit Singh Ji / Punjabi , English Lyrics & Meaning / Shabad Gurbani / HD
67RHLL93ouk\tPaap Kamavdeya Tera Koi Na Beli / Bhai Lakhwinder Singh Ji / Punjabi , English Lyrics & Meaning / HD
jXnQp8Hm-Oc\tTere Bharose Pyare / Bhai Mukhtiar Singh JI / Punjabi , English Lyrics & Meaning / HD
8fh-tA3jCR0\tMainda Sai / Bhai Sahib Bhai Nirmal Singh Khalsa / Punjabi , English Lyrics & Meaning / Gurbani / HD
P5VO_qCvz3A\tDeen Dyal/Bhai Sarabjit Singh Hazoori Ragi Darbar Sahib/English translation,English+Punjabi Meaning
0ORkC0X5eHw\tRaam Mau Kau Taar Kahan Lai / Bhai Sarabjit Singh Ji / Punjabi , English Lyrics & Meaning / 4k Video
j3YQ7Em8VaM\tSansar Samundey / Bahi Manpreet Singh Ji / Punjabi , English Lyrics & Meaning / Shabad Gurbani / HD
Rkt5swpZ3DE\tFarid Baba / Hans Raj Hans / Punjabi , English Lyrics & Meaning / Shabad Gurbani / HD Video
FnZuNWHq3T0\tAisi Lal Tujh Bin / Richa Sharma / Punjabi , English Lyrics & Meaning / Shabad Gurbani / HD Video
PVwWP61Q8xY\tMahima Kahi Na Jaye/Bhai Manpreet Singh Ji/With English translation,English + Punjabi Meaning
iX8losHBKm8\tthakur binti/Chardikala Jatha / Punjabi , English Lyrics & Meaning / Shabad Gurbani / HD
0ogciae9TgU\tKaho Nanak Sab Teri Wadiyai / Bhai Ravinder Singh Ji / Punjabi , English Lyrics & Meaning / HD Video
nldi-PYWMmI\tGobind Naam Samale/Bhai Sarabjit Singh Ji/English translation And English + Punjabi Meaning
y5jE2oLyyPU\tNrip Kaneya Ke Karne / Bhai Tarbalbir Singh Ji / Punjabi , English Lyrics & Meaning / Gurbani / HD
eJWkYzdjnWQ\tAb Tuhi / Bhai Maninder Singh Ji / English , Punjabi Lyrics and Meaning / HD
u24ANprv_FQ\tdev karo daya mohe marag lavo / Bhai Sarabjit Singh Ji / English , Punjabi lyrics and Meaning / HD
OwRxJ4Is8jA\tKoi Koi Saajan/Bhai Niranjan Singh/With English translation And English + Punjabi Meaning
DElKAShKxjU\tNA
